osm_id,path,level,name
,TR.06,PROVINCE,Ankara
1667099,TR.06.001,DISTRICT,Akyurt
1812317,TR.06.002,DISTRICT,Altındağ
1710801,TR.06.003,DISTRICT,Ayaş
1809594,TR.06.004,DISTRICT,Balâ
1738278,TR.06.005,DISTRICT,Beypazarı
1811108,TR.06.006,DISTRICT,Çamlıdere
1812321,TR.06.007,DISTRICT,Çankaya
1667201,TR.06.008,DISTRICT,Çubuk
1809674,TR.06.009,DISTRICT,Elmadağ
1812354,TR.06.010,DISTRICT,Etimesgut
1713914,TR.06.011,DISTRICT,Evren
1809464,TR.06.012,DISTRICT,Gölbaşı
1739269,TR.06.013,DISTRICT,Güdül
1810229,TR.06.014,DISTRICT,Haymana
1812355,TR.06.015,DISTRICT,Kahramankazan
1811252,TR.06.016,DISTRICT,Kalecik
1811393,TR.06.017,DISTRICT,Keçiören
1811128,TR.06.018,DISTRICT,Kızılcahamam
1812319,TR.06.019,DISTRICT,Mamak
1738279,TR.06.020,DISTRICT,Nallıhan
1799855,TR.06.021,DISTRICT,Polatlı
1811454,TR.06.022,DISTRICT,Pursaklar
1713916,TR.06.023,DISTRICT,Şereflikoçhisar
1811046,TR.06.024,DISTRICT,Sincan
1812356,TR.06.025,DISTRICT,Yenimahalle
17552191,TR.06.001.0001,NEIGHBORHOOD,Ahmetadil Mahallesi
9101382,TR.06.001.0002,NEIGHBORHOOD,Atatürk Mahallesi
17552655,TR.06.001.0003,NEIGHBORHOOD,Balıkhisar Mahallesi
9101255,TR.06.001.0004,NEIGHBORHOOD,Beyazıt Mahallesi
9101274,TR.06.001.0005,NEIGHBORHOOD,Büğdüz Mahallesi
9101591,TR.06.001.0006,NEIGHBORHOOD,Çam Mahallesi
9101489,TR.06.001.0007,NEIGHBORHOOD,Çardakbağı Mahallesi
17552575,TR.06.001.0008,NEIGHBORHOOD,Çınar Mahallesi
17191634,TR.06.001.0009,NEIGHBORHOOD,Cücük Mahallesi
17552335,TR.06.001.0010,NEIGHBORHOOD,Elecik Mahallesi
17552671,TR.06.001.0011,NEIGHBORHOOD,Güzelhisar Mahallesi
17552313,TR.06.001.0012,NEIGHBORHOOD,Haydar Mahallesi
9101532,TR.06.001.0013,NEIGHBORHOOD,Kalaba Mahallesi
17552224,TR.06.001.0014,NEIGHBORHOOD,Karacakaya Mahallesi
9101481,TR.06.001.0015,NEIGHBORHOOD,Karacalar Mahallesi
9101611,TR.06.001.0016,NEIGHBORHOOD,Karayatak Mahallesi
9101453,TR.06.001.0017,NEIGHBORHOOD,Kızık Mahallesi
17552192,TR.06.001.0018,NEIGHBORHOOD,Kozayağı Mahallesi
9101612,TR.06.001.0019,NEIGHBORHOOD,Samut Mahallesi
17552756,TR.06.001.0020,NEIGHBORHOOD,Saracalar Mahallesi
9101305,TR.06.001.0021,NEIGHBORHOOD,Şeyhler Mahallesi
17446814,TR.06.001.0022,NEIGHBORHOOD,Teberik Mahallesi
9101256,TR.06.001.0023,NEIGHBORHOOD,Timurhan Mahallesi
9101571,TR.06.001.0024,NEIGHBORHOOD,Uzunlar Mahallesi
9101254,TR.06.001.0025,NEIGHBORHOOD,Yeşiltepe Mahallesi
9101314,TR.06.001.0026,NEIGHBORHOOD,Yıldırım Mahallesi
6750842,TR.06.002.0001,NEIGHBORHOOD,Atıfbey Mahallesi
3113766,TR.06.002.0002,NEIGHBORHOOD,Aydıncık Mahallesi
6750709,TR.06.002.0003,NEIGHBORHOOD,Aydınlıkevler Mahallesi
3113767,TR.06.002.0004,NEIGHBORHOOD,Baraj Mahallesi
6748455,TR.06.002.0005,NEIGHBORHOOD,Başpınar Mahallesi
13763127,TR.06.002.0006,NEIGHBORHOOD,Battalgazi Mahallesi
3113768,TR.06.002.0007,NEIGHBORHOOD,Beşikkaya Mahallesi
6748456,TR.06.002.0008,NEIGHBORHOOD,Doğantepe Mahallesi
3113769,TR.06.002.0009,NEIGHBORHOOD,Feridun Çelik Mahallesi
3113770,TR.06.002.0010,NEIGHBORHOOD,Gicik Mahallesi
6750779,TR.06.002.0011,NEIGHBORHOOD,Gültepe Mahallesi
6750668,TR.06.002.0012,NEIGHBORHOOD,Güneşevler Mahallesi
3114196,TR.06.002.0013,NEIGHBORHOOD,Hacettepe Mahallesi
3114197,TR.06.002.0014,NEIGHBORHOOD,Hacı Bayram Mahallesi
3114198,TR.06.002.0015,NEIGHBORHOOD,Kale Mahallesi
3113771,TR.06.002.0016,NEIGHBORHOOD,Karacaören Mahallesi
3113772,TR.06.002.0017,NEIGHBORHOOD,Karapürçek Mahallesi
3113773,TR.06.002.0018,NEIGHBORHOOD,Kavaklı Mahallesi
6750778,TR.06.002.0019,NEIGHBORHOOD,Önder Mahallesi
6745855,TR.06.002.0020,NEIGHBORHOOD,Örnek Mahallesi
3113774,TR.06.002.0021,NEIGHBORHOOD,Peçenek Mahallesi
6748492,TR.06.002.0022,NEIGHBORHOOD,Solfasol Mahallesi
3113775,TR.06.002.0023,NEIGHBORHOOD,Tatlar Mahallesi
6750750,TR.06.002.0024,NEIGHBORHOOD,Ulubey Mahallesi
6750636,TR.06.002.0025,NEIGHBORHOOD,Yıldıztepe Mahallesi
3114202,TR.06.002.0026,NEIGHBORHOOD,Zübeyde Hanım Mahallesi
14507855,TR.06.003.0001,NEIGHBORHOOD,Akkaya Mahallesi
20247344,TR.06.003.0002,NEIGHBORHOOD,Başayaş Mahallesi
20247345,TR.06.003.0003,NEIGHBORHOOD,Başbereket Mahallesi
20249611,TR.06.003.0004,NEIGHBORHOOD,Bayat Mahallesi
20247341,TR.06.003.0005,NEIGHBORHOOD,Bayram Mahallesi
20247229,TR.06.003.0006,NEIGHBORHOOD,Camiatik Mahallesi
20249614,TR.06.003.0007,NEIGHBORHOOD,Çanllı Çiğdemci Mahallesi
20249613,TR.06.003.0008,NEIGHBORHOOD,Çanllı Uluyol Mahallesi
20247228,TR.06.003.0009,NEIGHBORHOOD,Dervişimam Mahallesi
20247234,TR.06.003.0010,NEIGHBORHOOD,Emine Tevfika Ayaşlı Mahallesi
20249609,TR.06.003.0011,NEIGHBORHOOD,Evci Mahallesi
20247230,TR.06.003.0012,NEIGHBORHOOD,Ferahfaki Mahallesi
20249610,TR.06.003.0013,NEIGHBORHOOD,Feruz Mahallesi
13753686,TR.06.003.0014,NEIGHBORHOOD,Gençali Mahallesi
20247346,TR.06.003.0015,NEIGHBORHOOD,Gökçebağ Mahallesi
1810971,TR.06.003.0016,NEIGHBORHOOD,Gökler Mahallesi
20247231,TR.06.003.0017,NEIGHBORHOOD,Hacımemi Mahallesi
20247233,TR.06.003.0018,NEIGHBORHOOD,Hacırecep Mahallesi
20247232,TR.06.003.0019,NEIGHBORHOOD,Hacıveli Mahallesi
20247342,TR.06.003.0020,NEIGHBORHOOD,İlhanköy Mahallesi
20247238,TR.06.003.0021,NEIGHBORHOOD,Ilıca Mahallesi
17807626,TR.06.003.0022,NEIGHBORHOOD,Oltan Mahallesi
20249612,TR.06.003.0023,NEIGHBORHOOD,Ömeroğlu Mahallesi
20249616,TR.06.003.0024,NEIGHBORHOOD,Ortabereket Mahallesi
20249608,TR.06.003.0025,NEIGHBORHOOD,Pınaryaka Mahallesi
20247343,TR.06.003.0026,NEIGHBORHOOD,Şeyhmuhittin Mahallesi
20247226,TR.06.003.0027,NEIGHBORHOOD,Sinanlı Cuma Mahallesi
20247237,TR.06.003.0028,NEIGHBORHOOD,Sinanlı Hocasinan Mahallesi
20247235,TR.06.003.0029,NEIGHBORHOOD,Sinanlı Mahkeme Mahallesi
20247227,TR.06.003.0030,NEIGHBORHOOD,Tekke Mahallesi
20247236,TR.06.003.0031,NEIGHBORHOOD,Uğurçayırı Mahallesi
20247347,TR.06.003.0032,NEIGHBORHOOD,Ulupınar Mahallesi
20249615,TR.06.003.0033,NEIGHBORHOOD,Yağmurdede Mahallesi
20340648,TR.06.004.0001,NEIGHBORHOOD,Abazlı Mahallesi
20340649,TR.06.004.0002,NEIGHBORHOOD,Afşar Dadaloğlu Mahallesi
20340650,TR.06.004.0003,NEIGHBORHOOD,Afşar Dedebey Mahallesi
20340651,TR.06.004.0004,NEIGHBORHOOD,Ahmetçayırı Mahallesi
1809667,TR.06.004.0005,NEIGHBORHOOD,Akkoyunlu Mahallesi
20383967,TR.06.004.0006,NEIGHBORHOOD,Aşağıhacıbekir Mahallesi
20340661,TR.06.004.0007,NEIGHBORHOOD,Aşıkoğlu Mahallesi
20383968,TR.06.004.0008,NEIGHBORHOOD,Aydoğan Mahallesi
20383970,TR.06.004.0009,NEIGHBORHOOD,Bahçekaradalak Mahallesi
20383971,TR.06.004.0010,NEIGHBORHOOD,Bektaşlı Mahallesi
20657037,TR.06.004.0011,NEIGHBORHOOD,Belçarşak Mahallesi
20251541,TR.06.004.0012,NEIGHBORHOOD,Beynam Mahallesi
20657038,TR.06.004.0013,NEIGHBORHOOD,Büyükbayat Mahallesi
20657039,TR.06.004.0014,NEIGHBORHOOD,Büyükboyalık Mahallesi
20657044,TR.06.004.0015,NEIGHBORHOOD,Büyükcamili Mahallesi
20657040,TR.06.004.0016,NEIGHBORHOOD,Çatalçeşme Mahallesi
20657041,TR.06.004.0017,NEIGHBORHOOD,Çatalören Mahallesi
20657042,TR.06.004.0018,NEIGHBORHOOD,Çiğdemli Mahallesi
1809668,TR.06.004.0019,NEIGHBORHOOD,Davdanlı Mahallesi
20657047,TR.06.004.0020,NEIGHBORHOOD,Derekışla Mahallesi
20657653,TR.06.004.0021,NEIGHBORHOOD,Eğribasan Mahallesi
20383969,TR.06.004.0022,NEIGHBORHOOD,Engin Mahallesi
20340656,TR.06.004.0023,NEIGHBORHOOD,Göztepe Mahallesi
20657655,TR.06.004.0024,NEIGHBORHOOD,Gülbağı Mahallesi
20340657,TR.06.004.0025,NEIGHBORHOOD,Hamidiye Mahallesi
20657656,TR.06.004.0026,NEIGHBORHOOD,Hanburun Mahallesi
20340658,TR.06.004.0027,NEIGHBORHOOD,İsmetpaşa Mahallesi
20657658,TR.06.004.0028,NEIGHBORHOOD,Karahamzalı Mahallesi
20340659,TR.06.004.0029,NEIGHBORHOOD,Kartaltepe Mahallesi
20251539,TR.06.004.0030,NEIGHBORHOOD,Kerişli Mahallesi
20383976,TR.06.004.0031,NEIGHBORHOOD,Kesikköprü Erdemli
20383975,TR.06.004.0032,NEIGHBORHOOD,Kesikköprü Kızılırmak Mahallesi
20383974,TR.06.004.0033,NEIGHBORHOOD,Kesikköprü Mahallesi
20340652,TR.06.004.0034,NEIGHBORHOOD,Koçyayla Mahallesi
20251540,TR.06.004.0035,NEIGHBORHOOD,Köseli Mahallesi
20657046,TR.06.004.0036,NEIGHBORHOOD,Küçükbayat Mahallesi
20383973,TR.06.004.0037,NEIGHBORHOOD,Küçükbıyık Mahallesi
20657654,TR.06.004.0038,NEIGHBORHOOD,Küçükboyalık Mahallesi
20657661,TR.06.004.0039,NEIGHBORHOOD,Küçükcamili Mahallesi
20383972,TR.06.004.0040,NEIGHBORHOOD,Kuyular Mahallesi
20657660,TR.06.004.0041,NEIGHBORHOOD,Sarıhüyük Mahallesi
20657045,TR.06.004.0042,NEIGHBORHOOD,Şehirban Mahallesi
20340660,TR.06.004.0043,NEIGHBORHOOD,Şentepe Mahallesi
20657663,TR.06.004.0044,NEIGHBORHOOD,Sırapınar Mahallesi
20657664,TR.06.004.0045,NEIGHBORHOOD,Sofular Mahallesi
20657665,TR.06.004.0046,NEIGHBORHOOD,Suyugüzel Mahallesi
20657659,TR.06.004.0047,NEIGHBORHOOD,Tatarhüyük Mahallesi
20657662,TR.06.004.0048,NEIGHBORHOOD,Tepeköy Mahallesi
20340655,TR.06.004.0049,NEIGHBORHOOD,Tolköy Mahallesi
20657043,TR.06.004.0050,NEIGHBORHOOD,Üçem Mahallesi
20657667,TR.06.004.0051,NEIGHBORHOOD,Yaylalıözü Mahallesi
20340653,TR.06.004.0052,NEIGHBORHOOD,Yeniköy Mahallesi
20657657,TR.06.004.0053,NEIGHBORHOOD,Yeniyapançarşak Mahallesi
20657668,TR.06.004.0054,NEIGHBORHOOD,Yeniyapanşeyhli Mahallesi
20340654,TR.06.004.0055,NEIGHBORHOOD,Yöreli Mahallesi
20657666,TR.06.004.0056,NEIGHBORHOOD,Yukarıhacıbekir Mahallesi
20268237,TR.06.005.0001,NEIGHBORHOOD,Acısu Mahallesi
20385378,TR.06.005.0002,NEIGHBORHOOD,Adaören Mahallesi
20385379,TR.06.005.0003,NEIGHBORHOOD,Akçakavak Mahallesi
20659371,TR.06.005.0004,NEIGHBORHOOD,Akçalı Mahallesi
20659372,TR.06.005.0005,NEIGHBORHOOD,Aşağıgüney Mahallesi
11485067,TR.06.005.0006,NEIGHBORHOOD,Ayvaşık Mahallesi
20659373,TR.06.005.0007,NEIGHBORHOOD,Bağözü Mahallesi
11484971,TR.06.005.0008,NEIGHBORHOOD,Başağaç Mahallesi
20659374,TR.06.005.0009,NEIGHBORHOOD,Başören Mahallesi
20659375,TR.06.005.0010,NEIGHBORHOOD,Batça Mahallesi
11484852,TR.06.005.0011,NEIGHBORHOOD,Beytepe Mahallesi
20659376,TR.06.005.0012,NEIGHBORHOOD,Boyalı Mahallesi
20659377,TR.06.005.0013,NEIGHBORHOOD,Çakıloba Mahallesi
20350980,TR.06.005.0014,NEIGHBORHOOD,Çantırlı Mahallesi
11484970,TR.06.005.0015,NEIGHBORHOOD,Cumhuriyet Mahallesi
20659378,TR.06.005.0016,NEIGHBORHOOD,Dağşeyhler Mahallesi
20659379,TR.06.005.0017,NEIGHBORHOOD,Dereli Mahallesi
20659370,TR.06.005.0018,NEIGHBORHOOD,Dibecik Mahallesi
20659380,TR.06.005.0019,NEIGHBORHOOD,Dibekören Mahallesi
20659381,TR.06.005.0020,NEIGHBORHOOD,Dikmen Mahallesi
20659382,TR.06.005.0021,NEIGHBORHOOD,Doğançalı Mahallesi
20659383,TR.06.005.0022,NEIGHBORHOOD,Doğanyurt Mahallesi
20659384,TR.06.005.0023,NEIGHBORHOOD,Dudaş Mahallesi
17564548,TR.06.005.0024,NEIGHBORHOOD,Fasıl Mahallesi
11485069,TR.06.005.0025,NEIGHBORHOOD,Gazipaşa Mahallesi
20664731,TR.06.005.0026,NEIGHBORHOOD,Geyikpınarı Mahallesi
20664730,TR.06.005.0027,NEIGHBORHOOD,Gürsöğut Mahallesi
11484972,TR.06.005.0028,NEIGHBORHOOD,Hacıkara Mahallesi
17564549,TR.06.005.0029,NEIGHBORHOOD,Harmancık Mahallesi
20664732,TR.06.005.0030,NEIGHBORHOOD,Haydarlar Mahallesi
20664733,TR.06.005.0031,NEIGHBORHOOD,Hırkatepe Mahallesi
20386016,TR.06.005.0032,NEIGHBORHOOD,İncepelit Mahallesi
11484849,TR.06.005.0033,NEIGHBORHOOD,İstiklal Mahallesi
20669029,TR.06.005.0034,NEIGHBORHOOD,Kabaca Mahallesi
20669031,TR.06.005.0035,NEIGHBORHOOD,Kaplan Mahallesi
20669032,TR.06.005.0036,NEIGHBORHOOD,Kapullu Mahallesi
20669033,TR.06.005.0037,NEIGHBORHOOD,Karacaören Mahallesi
20669034,TR.06.005.0038,NEIGHBORHOOD,Karaören Mahallesi
20669035,TR.06.005.0039,NEIGHBORHOOD,Karaşar Mahallesi
20669036,TR.06.005.0040,NEIGHBORHOOD,Kargı Mahallesi
17566257,TR.06.005.0041,NEIGHBORHOOD,Kayabükü Mahallesi
20669037,TR.06.005.0042,NEIGHBORHOOD,Kebanlar Mahallesi
20669038,TR.06.005.0043,NEIGHBORHOOD,Kırbaşı Mahallesi
20671254,TR.06.005.0044,NEIGHBORHOOD,Kırşeyhler Mahallesi
20671255,TR.06.005.0045,NEIGHBORHOOD,Kızılcasöğüt Mahallesi
20671258,TR.06.005.0046,NEIGHBORHOOD,Köseler Mahallesi
20671259,TR.06.005.0047,NEIGHBORHOOD,Köst Mahallesi
20671256,TR.06.005.0048,NEIGHBORHOOD,Kozağaç Mahallesi
20671257,TR.06.005.0049,NEIGHBORHOOD,Kozalan Mahallesi
20671260,TR.06.005.0050,NEIGHBORHOOD,Kurtkovan Mahallesi
11484851,TR.06.005.0051,NEIGHBORHOOD,Kurtuluş Mahallesi
20671261,TR.06.005.0052,NEIGHBORHOOD,Kuyucak Mahallesi
20671262,TR.06.005.0053,NEIGHBORHOOD,Kuyumcutekke Mahallesi
20671263,TR.06.005.0054,NEIGHBORHOOD,Macun Mahallesi
20671264,TR.06.005.0055,NEIGHBORHOOD,Mahmutlar Mahallesi
20671265,TR.06.005.0056,NEIGHBORHOOD,Mençeler Mahallesi
20671266,TR.06.005.0057,NEIGHBORHOOD,Mikail Mahallesi
20671267,TR.06.005.0058,NEIGHBORHOOD,Nuhhoca Mahallesi
20671268,TR.06.005.0059,NEIGHBORHOOD,Oymaağaç Mahallesi
11484848,TR.06.005.0060,NEIGHBORHOOD,Rüstempaşa Mahallesi
20671269,TR.06.005.0061,NEIGHBORHOOD,Saray Mahallesi
20671270,TR.06.005.0062,NEIGHBORHOOD,Sarıağıl Mahallesi
20388786,TR.06.005.0063,NEIGHBORHOOD,Sekli Mahallesi
20671271,TR.06.005.0064,NEIGHBORHOOD,Sopçaalan Mahallesi
20671272,TR.06.005.0065,NEIGHBORHOOD,Tacettin Mahallesi
20671273,TR.06.005.0066,NEIGHBORHOOD,Tahir Mahallesi
20387162,TR.06.005.0067,NEIGHBORHOOD,Üreğil Mahallesi
20386090,TR.06.005.0068,NEIGHBORHOOD,Uruş Mahallesi
20671274,TR.06.005.0069,NEIGHBORHOOD,Uşakgöl Mahallesi
20671275,TR.06.005.0070,NEIGHBORHOOD,Yalnızçam Mahallesi
11485068,TR.06.005.0071,NEIGHBORHOOD,Yeşilağaç Mahallesi
20671277,TR.06.005.0072,NEIGHBORHOOD,Yiğerler Mahallesi
20671276,TR.06.005.0073,NEIGHBORHOOD,Yıldız Mahallesi
20386015,TR.06.005.0074,NEIGHBORHOOD,Yoğunpelit Mahallesi
20671278,TR.06.005.0075,NEIGHBORHOOD,Yukarıgüney Mahallesi
17566259,TR.06.005.0076,NEIGHBORHOOD,Yukarıulucak Mahallesi
11484850,TR.06.005.0077,NEIGHBORHOOD,Zafer Mahallesi
20692701,TR.06.006.0001,NEIGHBORHOOD,Ahatlar Mahallesi
20692702,TR.06.006.0002,NEIGHBORHOOD,Akkaya Mahallesi
20692703,TR.06.006.0003,NEIGHBORHOOD,Alakoç Mahallesi
20692704,TR.06.006.0004,NEIGHBORHOOD,Atça Mahallesi
17584339,TR.06.006.0005,NEIGHBORHOOD,Avdan Mahallesi
20692705,TR.06.006.0006,NEIGHBORHOOD,Avşarlar Mahallesi
20692706,TR.06.006.0007,NEIGHBORHOOD,Bardakçılar Mahallesi
20692707,TR.06.006.0008,NEIGHBORHOOD,Bayındır Mahallesi
20692708,TR.06.006.0009,NEIGHBORHOOD,Beşbeyler Mahallesi
20692709,TR.06.006.0010,NEIGHBORHOOD,Beyler Mahallesi
-2537342,TR.06.006.0011,NEIGHBORHOOD,Bökeler Mahallesi
20692710,TR.06.006.0012,NEIGHBORHOOD,Bökler Mahallesi
20692711,TR.06.006.0013,NEIGHBORHOOD,Buğralar Mahallesi
20692712,TR.06.006.0014,NEIGHBORHOOD,Çamköy Mahallesi
20692713,TR.06.006.0015,NEIGHBORHOOD,Çukurören Mahallesi
20692714,TR.06.006.0016,NEIGHBORHOOD,Dağkuzuören Mahallesi
20692715,TR.06.006.0017,NEIGHBORHOOD,Doğancı Mahallesi
20692716,TR.06.006.0018,NEIGHBORHOOD,Doğanlar Mahallesi
20706989,TR.06.006.0019,NEIGHBORHOOD,Donmuş Mahallesi
20706976,TR.06.006.0020,NEIGHBORHOOD,Dörtkonak Mahallesi
20706977,TR.06.006.0021,NEIGHBORHOOD,Eldelek Mahallesi
20706978,TR.06.006.0022,NEIGHBORHOOD,Elmalı Mahallesi
20706979,TR.06.006.0023,NEIGHBORHOOD,Elören Mahallesi
20706980,TR.06.006.0024,NEIGHBORHOOD,Elvanlar Mahallesi
20706981,TR.06.006.0025,NEIGHBORHOOD,Gümele Mahallesi
20706982,TR.06.006.0026,NEIGHBORHOOD,Güney Mahallesi
20706983,TR.06.006.0027,NEIGHBORHOOD,İnceöz Mahallesi
20706984,TR.06.006.0028,NEIGHBORHOOD,Kayabaşı Mahallesi
20706985,TR.06.006.0029,NEIGHBORHOOD,Körler Mahallesi
20706986,TR.06.006.0030,NEIGHBORHOOD,Kuşçular Mahallesi
20706987,TR.06.006.0031,NEIGHBORHOOD,Kuyubaşı Mahallesi
20706988,TR.06.006.0032,NEIGHBORHOOD,Meşeler Mahallesi
20708038,TR.06.006.0033,NEIGHBORHOOD,Murzupağacın Mahallesi
20708039,TR.06.006.0034,NEIGHBORHOOD,Müsellim Mahallesi
20708042,TR.06.006.0035,NEIGHBORHOOD,Ömerağa Mahallesi
20708043,TR.06.006.0036,NEIGHBORHOOD,Örenköy Mahallesi
20708040,TR.06.006.0037,NEIGHBORHOOD,Orta Mahalle
20708041,TR.06.006.0038,NEIGHBORHOOD,Osmansin Mahallesi
20708044,TR.06.006.0039,NEIGHBORHOOD,Özmüş Mahallesi
20708045,TR.06.006.0040,NEIGHBORHOOD,Peçenek Mahallesi
20708046,TR.06.006.0041,NEIGHBORHOOD,Pelitçik Mahallesi
20708047,TR.06.006.0042,NEIGHBORHOOD,Sarıkavak Mahallesi
20708048,TR.06.006.0043,NEIGHBORHOOD,Tatlak Mahallesi
20708049,TR.06.006.0044,NEIGHBORHOOD,Yahşihan Mahallesi
20708050,TR.06.006.0045,NEIGHBORHOOD,Yahyalar Mahallesi
20708051,TR.06.006.0046,NEIGHBORHOOD,Yayalar Mahallesi
20708052,TR.06.006.0047,NEIGHBORHOOD,Yediören Mahallesi
20708053,TR.06.006.0048,NEIGHBORHOOD,Yılanlı Mahallesi
20708054,TR.06.006.0049,NEIGHBORHOOD,Yoncatepe Mahallesi
6771492,TR.06.007.0001,NEIGHBORHOOD,100. Yıl Mahallesi
6770963,TR.06.007.0002,NEIGHBORHOOD,50. Yıl Mahallesi
6792629,TR.06.007.0003,NEIGHBORHOOD,Ahlatlıbel Mahallesi
17565395,TR.06.007.0004,NEIGHBORHOOD,Akarlar Mahallesi
6783218,TR.06.007.0005,NEIGHBORHOOD,Akpınar Mahallesi
6789284,TR.06.007.0006,NEIGHBORHOOD,Alacaatlı Mahallesi
6779557,TR.06.007.0007,NEIGHBORHOOD,Anıttepe Mahallesi
6771185,TR.06.007.0008,NEIGHBORHOOD,Arka Topraklık Mahallsi
13764530,TR.06.007.0009,NEIGHBORHOOD,Aşağı İmrahor Mahallesi
6786604,TR.06.007.0010,NEIGHBORHOOD,Aşağı Öveçler Mahallesi
6771385,TR.06.007.0011,NEIGHBORHOOD,Aşıkpaşa Mahallesi
6786489,TR.06.007.0012,NEIGHBORHOOD,Ata Mahallesi
6786491,TR.06.007.0013,NEIGHBORHOOD,Aydınlar Mahallesi
6776895,TR.06.007.0014,NEIGHBORHOOD,Ayrancı Mahallesi
6776427,TR.06.007.0015,NEIGHBORHOOD,Aziziye Mahallesi
6774999,TR.06.007.0016,NEIGHBORHOOD,Bademlidere Mahallesi
6774991,TR.06.007.0017,NEIGHBORHOOD,Bağcılar Mahallesi
6779580,TR.06.007.0018,NEIGHBORHOOD,Bahçelievler Mahallesi
6779679,TR.06.007.0019,NEIGHBORHOOD,Balgat Mahallesi
6774812,TR.06.007.0020,NEIGHBORHOOD,Barbaros Mahallesi
6771397,TR.06.007.0021,NEIGHBORHOOD,Bayraktar Mahallesi
6789376,TR.06.007.0022,NEIGHBORHOOD,Beytepe Mahallesi
6774849,TR.06.007.0023,NEIGHBORHOOD,Birlik Mahallesi
6776399,TR.06.007.0024,NEIGHBORHOOD,Boztepe Mahallesi
6771418,TR.06.007.0025,NEIGHBORHOOD,Büyükesat Mahallesi
6770656,TR.06.007.0026,NEIGHBORHOOD,Çamlıtepe Mahallesi
6776826,TR.06.007.0027,NEIGHBORHOOD,Çankaya Mahallesi
17565393,TR.06.007.0028,NEIGHBORHOOD,Çavuşlu Mahallesi
6789110,TR.06.007.0029,NEIGHBORHOOD,Çayyolu Mahallesi
6753459,TR.06.007.0030,NEIGHBORHOOD,Cebeci Mahallesi
6783132,TR.06.007.0031,NEIGHBORHOOD,Cevizlidere Mahallesi
6789063,TR.06.007.0032,NEIGHBORHOOD,Çiğdem Mahallesi
6787293,TR.06.007.0033,NEIGHBORHOOD,Çukurambar Mahallesi
6777209,TR.06.007.0034,NEIGHBORHOOD,Cumhuriyet Mahallesi
6779698,TR.06.007.0035,NEIGHBORHOOD,Devlet Mahallesi
6770962,TR.06.007.0036,NEIGHBORHOOD,Dilekler Mahallesi
6789345,TR.06.007.0037,NEIGHBORHOOD,Dodurga Mahallesi
6774605,TR.06.007.0038,NEIGHBORHOOD,Doğuş Mahallesi
8732916,TR.06.007.0039,NEIGHBORHOOD,Dumlupınar Mahallesi
6783097,TR.06.007.0040,NEIGHBORHOOD,Ehlibeyt Mahallesi
6779678,TR.06.007.0041,NEIGHBORHOOD,Emek Mahallesi
6770649,TR.06.007.0042,NEIGHBORHOOD,Ertuğrulgazi Mahallesi
6753443,TR.06.007.0043,NEIGHBORHOOD,Erzurum Mahallesi
6774715,TR.06.007.0044,NEIGHBORHOOD,Esatoğlu Mahallesi
6777212,TR.06.007.0045,NEIGHBORHOOD,Eti Mahallesi
17565396,TR.06.007.0046,NEIGHBORHOOD,Evciler Mahallesi
6770650,TR.06.007.0047,NEIGHBORHOOD,Fakülteler Mahallesi
6770976,TR.06.007.0048,NEIGHBORHOOD,Fidanlık Mahallesi
6774813,TR.06.007.0049,NEIGHBORHOOD,Gaziosmanpaşa Mahallesi
6783217,TR.06.007.0050,NEIGHBORHOOD,Gökkuşağı Mahallesi
6771252,TR.06.007.0051,NEIGHBORHOOD,Göktürk Mahallesi
6776400,TR.06.007.0052,NEIGHBORHOOD,Güvenevler Mahallesi
6776519,TR.06.007.0053,NEIGHBORHOOD,Güzeltepe Mahallesi
6786510,TR.06.007.0054,NEIGHBORHOOD,Harbiye Mahallesi
6776562,TR.06.007.0055,NEIGHBORHOOD,Hilal Mahallesi
6783133,TR.06.007.0056,NEIGHBORHOOD,Huzur Mahallesi
6770696,TR.06.007.0057,NEIGHBORHOOD,İleri Mahallesi
6786647,TR.06.007.0058,NEIGHBORHOOD,İlkadım Mahallesi
6776563,TR.06.007.0059,NEIGHBORHOOD,İlkbahar Mahallesi
6787176,TR.06.007.0060,NEIGHBORHOOD,İlker Mahallesi
6770915,TR.06.007.0061,NEIGHBORHOOD,İncesu Mahallesi
6789062,TR.06.007.0062,NEIGHBORHOOD,İşçi Blokları Mahallesi
17565394,TR.06.007.0063,NEIGHBORHOOD,Karahasanlı Mahallesi
6783285,TR.06.007.0064,NEIGHBORHOOD,Karapınar Mahallesi
17057549,TR.06.007.0065,NEIGHBORHOOD,Karataş Mahallesi
6774717,TR.06.007.0066,NEIGHBORHOOD,Kavaklıdere Mahallesi
6771450,TR.06.007.0067,NEIGHBORHOOD,Kazım Özalp Mahallesi
6786722,TR.06.007.0068,NEIGHBORHOOD,Keklik Pınarı Mahallesi
6774990,TR.06.007.0069,NEIGHBORHOOD,Kırkkonaklar Mahallesi
6777210,TR.06.007.0070,NEIGHBORHOOD,Kızılay Mahallesi
6787222,TR.06.007.0071,NEIGHBORHOOD,Kızılırmak Mahallesi
6777018,TR.06.007.0072,NEIGHBORHOOD,Kocatepe Mahallesi
17564652,TR.06.007.0073,NEIGHBORHOOD,Kömürcü Mahallesi
6789121,TR.06.007.0074,NEIGHBORHOOD,Konutkent Mahallesi
6777211,TR.06.007.0075,NEIGHBORHOOD,Korkutreis Mahallesi
6789120,TR.06.007.0076,NEIGHBORHOOD,Koru Mahallesi
6774604,TR.06.007.0077,NEIGHBORHOOD,Küçükesat Mahallesi
6776913,TR.06.007.0078,NEIGHBORHOOD,Kültür Mahallesi
6786699,TR.06.007.0079,NEIGHBORHOOD,Malazgirt Mahallesi
6777213,TR.06.007.0080,NEIGHBORHOOD,Maltepe Mahallesi
6779579,TR.06.007.0081,NEIGHBORHOOD,Mebusevleri Mahallesi
6777019,TR.06.007.0082,NEIGHBORHOOD,Meşrutiyet Mahallesi
6787175,TR.06.007.0083,NEIGHBORHOOD,Metin Akkuş Mahallesi
6771327,TR.06.007.0084,NEIGHBORHOOD,Metin Oktay Mahallesi
6771326,TR.06.007.0085,NEIGHBORHOOD,Mimar Sinan Mahallesi
6774716,TR.06.007.0086,NEIGHBORHOOD,Muhsin Ertuğrul Mahallesi
6774561,TR.06.007.0087,NEIGHBORHOOD,Murat Mahallesi
6786723,TR.06.007.0088,NEIGHBORHOOD,Mürsel Uluç Mahallesi
6789073,TR.06.007.0089,NEIGHBORHOOD,Mustafa Kemal Mahallesi
6789092,TR.06.007.0090,NEIGHBORHOOD,Mutlukent Mahallesi
6786697,TR.06.007.0091,NEIGHBORHOOD,Naci Çakır Mahallesi
6779434,TR.06.007.0092,NEIGHBORHOOD,Namık Kemal Mahallesi
6779680,TR.06.007.0093,NEIGHBORHOOD,Nasuh Akar Mahallesi
6783096,TR.06.007.0094,NEIGHBORHOOD,Oğuzlar Mahallesi
6770914,TR.06.007.0095,NEIGHBORHOOD,Ön Cebeci Mahallesi
6787190,TR.06.007.0096,NEIGHBORHOOD,Or-An Mahallesi
6776870,TR.06.007.0097,NEIGHBORHOOD,Orta İmrahor Mahallesi
6786698,TR.06.007.0098,NEIGHBORHOOD,Osman Temiz Mahallesi
6786508,TR.06.007.0099,NEIGHBORHOOD,Öveçler Mahallesi
6789346,TR.06.007.0100,NEIGHBORHOOD,Prof. Dr. Ahmet Taner Kışlalı Mahallesi
6776871,TR.06.007.0101,NEIGHBORHOOD,Remzi Oğuz Arık Mahallesi
6770977,TR.06.007.0102,NEIGHBORHOOD,Sağlık Mahallesi
6787177,TR.06.007.0103,NEIGHBORHOOD,Sakarya Mahallesi
6776797,TR.06.007.0104,NEIGHBORHOOD,Sancak Mahallesi
6786490,TR.06.007.0105,NEIGHBORHOOD,Şehit Cengiz Karaca Mahallesi
6786507,TR.06.007.0106,NEIGHBORHOOD,Şehit Cevdet Özdemir Mahallesi
6774796,TR.06.007.0107,NEIGHBORHOOD,Seyranbağları Mahallesi
6787479,TR.06.007.0108,NEIGHBORHOOD,Söğütözü Mahallesi
6786509,TR.06.007.0109,NEIGHBORHOOD,Sokullu Mehmet Paşa Mahallesi
6774795,TR.06.007.0110,NEIGHBORHOOD,Tınaztepe Mahallesi
17057548,TR.06.007.0111,NEIGHBORHOOD,Tohumlar Mahallesi
6770961,TR.06.007.0112,NEIGHBORHOOD,Topraklık Mahallesi
6789093,TR.06.007.0113,NEIGHBORHOOD,Ümit Mahallesi
6774560,TR.06.007.0114,NEIGHBORHOOD,Umut Mahallesi
6789069,TR.06.007.0115,NEIGHBORHOOD,Üniversiteler Mahallesi
17564653,TR.06.007.0116,NEIGHBORHOOD,Yakupabdal Mahallesi
6789274,TR.06.007.0117,NEIGHBORHOOD,Yaşamkent Mahallesi
17565392,TR.06.007.0118,NEIGHBORHOOD,Yayla Mahallesi
16326514,TR.06.007.0119,NEIGHBORHOOD,Yeşilkent Mahallesi
6776520,TR.06.007.0120,NEIGHBORHOOD,Yıldızevler Mahallesi
6779435,TR.06.007.0121,NEIGHBORHOOD,Yücetepe Mahallesi
6779619,TR.06.007.0122,NEIGHBORHOOD,Yukarı Bahçelievler Mahallesi
6783098,TR.06.007.0123,NEIGHBORHOOD,Yukarı Öveçler Mahallesi
6771251,TR.06.007.0124,NEIGHBORHOOD,Zafertepe Mahallesi
14581699,TR.06.008.0001,NEIGHBORHOOD,Ağılcık Mahallesi
17203655,TR.06.008.0002,NEIGHBORHOOD,Akbayır Mahallesi
16826863,TR.06.008.0003,NEIGHBORHOOD,Akkuzulu Mahallesi
17227335,TR.06.008.0004,NEIGHBORHOOD,Aşağı Çavundur Mahallesi
16355945,TR.06.008.0005,NEIGHBORHOOD,Aşağı Obruk mahallesi
3914752,TR.06.008.0006,NEIGHBORHOOD,Aşağıemirler Mahallesi
14585335,TR.06.008.0007,NEIGHBORHOOD,Atatürk Mahallesi
17566258,TR.06.008.0008,NEIGHBORHOOD,Avcıova Mahallesi
14585497,TR.06.008.0009,NEIGHBORHOOD,Barbaros Mahallesi
17174777,TR.06.008.0010,NEIGHBORHOOD,Camili Mahallesi
17147431,TR.06.008.0011,NEIGHBORHOOD,Çatokçular Mahallesi
17225883,TR.06.008.0012,NEIGHBORHOOD,Çitköy Mahallesi
5419868,TR.06.008.0013,NEIGHBORHOOD,Cumhuriyet Mahallesi
17214947,TR.06.008.0014,NEIGHBORHOOD,Dağkalfat Mahallesi
17164950,TR.06.008.0015,NEIGHBORHOOD,Dalyasan Mahallesi
17214445,TR.06.008.0016,NEIGHBORHOOD,Dedeler Mahallesi
17165141,TR.06.008.0017,NEIGHBORHOOD,Demirci Mahallesi
16686516,TR.06.008.0018,NEIGHBORHOOD,Dumlupınar Mahallesi
16365796,TR.06.008.0019,NEIGHBORHOOD,Durhasan mahallesi
10115265,TR.06.008.0020,NEIGHBORHOOD,Eğriekin Mahallesi
14588964,TR.06.008.0021,NEIGHBORHOOD,Esenboğa Mahallesi
17192009,TR.06.008.0022,NEIGHBORHOOD,Eskiçöte Mahallesi
13156854,TR.06.008.0023,NEIGHBORHOOD,Fatih Mahallesi
17227388,TR.06.008.0024,NEIGHBORHOOD,Gökçedere Mahallesi
10217709,TR.06.008.0025,NEIGHBORHOOD,Güldarpı Mahallesi
17229122,TR.06.008.0026,NEIGHBORHOOD,Gümüşyayla Mahallesi
17155019,TR.06.008.0027,NEIGHBORHOOD,Hacılar Mahallesi
16537826,TR.06.008.0028,NEIGHBORHOOD,İkipınar Mahallesi
17191597,TR.06.008.0029,NEIGHBORHOOD,İmam Hüseyin Mahallesi
16827495,TR.06.008.0030,NEIGHBORHOOD,Kapaklı Mahallesi
17227298,TR.06.008.0031,NEIGHBORHOOD,Karaağaç Mahallesi
17147248,TR.06.008.0032,NEIGHBORHOOD,Karaçam Mahallesi
17208083,TR.06.008.0033,NEIGHBORHOOD,Karadana Mahallesi
17227243,TR.06.008.0034,NEIGHBORHOOD,Karaman Mahallesi
17229626,TR.06.008.0035,NEIGHBORHOOD,Karataş Mahallesi
16827018,TR.06.008.0036,NEIGHBORHOOD,Kargın Mahallesi
16355835,TR.06.008.0037,NEIGHBORHOOD,Kavaklı Mahallesi
11356128,TR.06.008.0038,NEIGHBORHOOD,Kışlacık Mahallesi
16538742,TR.06.008.0039,NEIGHBORHOOD,Kızılca Mahallesi
17154548,TR.06.008.0040,NEIGHBORHOOD,Kızılören Mahallesi
16827497,TR.06.008.0041,NEIGHBORHOOD,Kızılöz Mahallesi
17164822,TR.06.008.0042,NEIGHBORHOOD,Kösrelik Mahallesi
17191633,TR.06.008.0043,NEIGHBORHOOD,Küçükali Mahallesi
11354387,TR.06.008.0044,NEIGHBORHOOD,Kuruçay Mahallesi
17228131,TR.06.008.0045,NEIGHBORHOOD,Kutuören Mahallesi
17174908,TR.06.008.0046,NEIGHBORHOOD,Kuyumcu Mahallesi
17225865,TR.06.008.0047,NEIGHBORHOOD,Mahmutoğlan Mahallesi
16538741,TR.06.008.0048,NEIGHBORHOOD,Melikşah Mahallesi
17164949,TR.06.008.0049,NEIGHBORHOOD,Meşeli Mahallesi
8451033,TR.06.008.0050,NEIGHBORHOOD,Muhsin Yazıcıoğlu Mahallesi
16827496,TR.06.008.0051,NEIGHBORHOOD,Mutlu Mahallesi
17149096,TR.06.008.0052,NEIGHBORHOOD,Nusratlar Mahallesi
17225769,TR.06.008.0053,NEIGHBORHOOD,Okçular Mahallesi
16826728,TR.06.008.0054,NEIGHBORHOOD,Ömercik Mahallesi
10104958,TR.06.008.0055,NEIGHBORHOOD,Ovacık Mahallesi
17165176,TR.06.008.0056,NEIGHBORHOOD,Oymiğde Mahallesi
17229765,TR.06.008.0057,NEIGHBORHOOD,Özlüce Mahallesi
17225939,TR.06.008.0058,NEIGHBORHOOD,Saraycık Mahallesi
17226043,TR.06.008.0059,NEIGHBORHOOD,Sarıkoz Mahallesi
17164904,TR.06.008.0060,NEIGHBORHOOD,Sarısu Mahallesi
17226091,TR.06.008.0061,NEIGHBORHOOD,Sele Mahallesi
17227466,TR.06.008.0062,NEIGHBORHOOD,Sığırlıhacı Mahallesi
14510601,TR.06.008.0063,NEIGHBORHOOD,Sünlü Mahallesi
17215006,TR.06.008.0064,NEIGHBORHOOD,Susuz Mahallesi
17227305,TR.06.008.0065,NEIGHBORHOOD,Tahtayazı Mahallesi
14510600,TR.06.008.0066,NEIGHBORHOOD,Taşpınar Mahallesi
17228132,TR.06.008.0067,NEIGHBORHOOD,Tuğla Mahallesi
16811141,TR.06.008.0068,NEIGHBORHOOD,Uluağaç Mahallesi
17229378,TR.06.008.0069,NEIGHBORHOOD,Yakuphasan Mahallesi
14585623,TR.06.008.0070,NEIGHBORHOOD,Yavuz Selim Mahallesi
16366655,TR.06.008.0071,NEIGHBORHOOD,Yaylak mahallesi
13200843,TR.06.008.0072,NEIGHBORHOOD,Yazır Mahallesi
17226109,TR.06.008.0073,NEIGHBORHOOD,Yazlıca Mahallesi
16686570,TR.06.008.0074,NEIGHBORHOOD,Yenice Mahallesi
17147353,TR.06.008.0075,NEIGHBORHOOD,Yeşilkent Mahallesi
16355834,TR.06.008.0076,NEIGHBORHOOD,Yiğitli Mahallesi
16811139,TR.06.008.0077,NEIGHBORHOOD,Yıldırım Aydoğan Mahallesi
5621167,TR.06.008.0078,NEIGHBORHOOD,Yıldırım Beyazıt Mahallesi
16811140,TR.06.008.0079,NEIGHBORHOOD,Yıldırım Elören Mahallesi
16376856,TR.06.008.0080,NEIGHBORHOOD,Yıldırımevci mahallesi
17229432,TR.06.008.0081,NEIGHBORHOOD,Yılmaz Mahallesi
17160555,TR.06.008.0082,NEIGHBORHOOD,Yukarı Çavundur Mahallesi
17214902,TR.06.008.0083,NEIGHBORHOOD,Yukarı Emirler Mahallesi
16355944,TR.06.008.0084,NEIGHBORHOOD,Yukarı Obruk mahallesi
1809666,TR.06.009.0001,NEIGHBORHOOD,Akçaali Mahallesi
20132581,TR.06.009.0002,NEIGHBORHOOD,Aşağıkamışlı Mahallesi
20132584,TR.06.009.0003,NEIGHBORHOOD,Deliler Mahallesi
20130231,TR.06.009.0004,NEIGHBORHOOD,Ediğe Mahallesi
16490060,TR.06.009.0005,NEIGHBORHOOD,Gümüşpala Mahallesi
8827101,TR.06.009.0006,NEIGHBORHOOD,Hasanoğlan Bahçelievler Mahallesi
8827104,TR.06.009.0007,NEIGHBORHOOD,Hasanoğlan Fatih Mahallesi
8827102,TR.06.009.0008,NEIGHBORHOOD,Hasanoğlan Havuzbaşı Mahallesi
16490059,TR.06.009.0009,NEIGHBORHOOD,İsmetpaşa Mahallesi
8827105,TR.06.009.0010,NEIGHBORHOOD,İstasyon Mahallesi
20130232,TR.06.009.0011,NEIGHBORHOOD,Karacahasan Mahallesi
1809670,TR.06.009.0012,NEIGHBORHOOD,Kayadibi Mahallesi
20130226,TR.06.009.0013,NEIGHBORHOOD,Kemalpaşa Mahallesi
20130230,TR.06.009.0014,NEIGHBORHOOD,Kurtuluş Mahallesi
20132583,TR.06.009.0015,NEIGHBORHOOD,Kuşçuali Mahallesi
20132580,TR.06.009.0016,NEIGHBORHOOD,Label Mahallesi
8827103,TR.06.009.0017,NEIGHBORHOOD,Muzaffer Ekşi Mahallesi
8827106,TR.06.009.0018,NEIGHBORHOOD,Şehitlik Mahallesi
13757558,TR.06.009.0019,NEIGHBORHOOD,Seyitcemali Mahallesi
1809671,TR.06.009.0020,NEIGHBORHOOD,Süleymanlı Mahallesi
20132578,TR.06.009.0021,NEIGHBORHOOD,Taburlar Mahallesi
20132577,TR.06.009.0022,NEIGHBORHOOD,Tatlıca Mahallesi
1809672,TR.06.009.0023,NEIGHBORHOOD,Tekke Mahallesi
20130227,TR.06.009.0024,NEIGHBORHOOD,Üçevler Mahallesi
16490058,TR.06.009.0025,NEIGHBORHOOD,Yenice Mahallesi
20130229,TR.06.009.0026,NEIGHBORHOOD,Yenidoğan Mahallesi
20132579,TR.06.009.0027,NEIGHBORHOOD,Yenimahalle
20130228,TR.06.009.0028,NEIGHBORHOOD,Yenipınar Mahallesi
13757557,TR.06.009.0029,NEIGHBORHOOD,Yeşildere Fatih Mahallesi
20132582,TR.06.009.0030,NEIGHBORHOOD,Yukarıkamışlı Mahallesi
6747744,TR.06.010.0001,NEIGHBORHOOD,30 Ağustos Mahallesi
6745097,TR.06.010.0002,NEIGHBORHOOD,Ahi Mesut Mahallesi
6745165,TR.06.010.0003,NEIGHBORHOOD,Alsancak Mahallesi
6747515,TR.06.010.0004,NEIGHBORHOOD,Altay Mahallesi
15062622,TR.06.010.0005,NEIGHBORHOOD,Aşağıyurtçu Mahallesi
6745047,TR.06.010.0006,NEIGHBORHOOD,Atakent Mahallesi
15062623,TR.06.010.0007,NEIGHBORHOOD,Atayurt Mahallesi
6745064,TR.06.010.0008,NEIGHBORHOOD,Ayyıldız Mahallesi
6745185,TR.06.010.0009,NEIGHBORHOOD,Bağlıca Mahallesi
6748082,TR.06.010.0010,NEIGHBORHOOD,Bahçekapı Mahallesi
15063735,TR.06.010.0011,NEIGHBORHOOD,Balıkuyumcu Mahallesi
12946872,TR.06.010.0012,NEIGHBORHOOD,Devlet Mahallesi
6745117,TR.06.010.0013,NEIGHBORHOOD,Elvan Mahallesi
6747684,TR.06.010.0014,NEIGHBORHOOD,Erler Mahallesi
6747593,TR.06.010.0015,NEIGHBORHOOD,Eryaman Mahallesi
6747635,TR.06.010.0016,NEIGHBORHOOD,Etiler Mahallesi
6789375,TR.06.010.0017,NEIGHBORHOOD,Fatih Sultan Mahallesi
15063737,TR.06.010.0018,NEIGHBORHOOD,Fevziye Mahallesi
6747547,TR.06.010.0019,NEIGHBORHOOD,Göksu Mahallesi
6747569,TR.06.010.0020,NEIGHBORHOOD,Güzelkent Mahallesi
6745143,TR.06.010.0021,NEIGHBORHOOD,İstasyon Mahallesi
6745142,TR.06.010.0022,NEIGHBORHOOD,Kazım Karabekir Mahallesi
6745049,TR.06.010.0023,NEIGHBORHOOD,Oğuzlar Mahallesi
15062620,TR.06.010.0024,NEIGHBORHOOD,Orhun Mahallesi
6745118,TR.06.010.0025,NEIGHBORHOOD,Piyade Mahallesi
6747514,TR.06.010.0026,NEIGHBORHOOD,Şehit Osman Avcı Mahallesi
15063736,TR.06.010.0027,NEIGHBORHOOD,Şehitali Mahallesi
6747513,TR.06.010.0028,NEIGHBORHOOD,Şeker Mahallesi
6747548,TR.06.010.0029,NEIGHBORHOOD,Şeyh Şamil Mahallesi
6745141,TR.06.010.0030,NEIGHBORHOOD,Süvari Mahallesi
6745048,TR.06.010.0031,NEIGHBORHOOD,Topçu Mahallesi
6747568,TR.06.010.0032,NEIGHBORHOOD,Tunahan Mahallesi
15062688,TR.06.010.0033,NEIGHBORHOOD,Turkuaz Mahallesi
15054434,TR.06.010.0034,NEIGHBORHOOD,Yapracık Mahallesi
6747594,TR.06.010.0035,NEIGHBORHOOD,Yavuz Selim Mahallesi
12946871,TR.06.010.0036,NEIGHBORHOOD,Yeni Bağlıca Mahallesi
6747595,TR.06.010.0037,NEIGHBORHOOD,Yeşilova Mahallesi
15062621,TR.06.010.0038,NEIGHBORHOOD,Yukarıyurtçu Mahallesi
17561722,TR.06.011.0001,NEIGHBORHOOD,Altınbaşak Mahallesi
20989367,TR.06.011.0002,NEIGHBORHOOD,Çatalpınar Mahallesi
11158306,TR.06.011.0003,NEIGHBORHOOD,Cebirli Mahallesi
17561721,TR.06.011.0004,NEIGHBORHOOD,Demirayak Mahallesi
20989365,TR.06.011.0005,NEIGHBORHOOD,Esentepe Mahallesi
11158303,TR.06.011.0006,NEIGHBORHOOD,Eskitorunobası Mahallesi
11158302,TR.06.011.0007,NEIGHBORHOOD,İbrahimbeyli Mahallesi
17559535,TR.06.011.0008,NEIGHBORHOOD,İnebeyli Mahallesi
20989366,TR.06.011.0009,NEIGHBORHOOD,Modern Mahallesi
20989364,TR.06.011.0010,NEIGHBORHOOD,Şerafettin Yılmaz Mahallesi
20989368,TR.06.011.0011,NEIGHBORHOOD,Solakuşağı Mahallesi
13393693,TR.06.011.0012,NEIGHBORHOOD,Yeni Mahalle
17559534,TR.06.011.0013,NEIGHBORHOOD,Yusufuşağı Mahallesi
2523560532,TR.06.012.0001,NEIGHBORHOOD,Ahiboz
2358511374,TR.06.012.0002,NEIGHBORHOOD,Akören Çarşak
20990984,TR.06.012.0003,NEIGHBORHOOD,Altunçanak Mahallesi
2523560545,TR.06.012.0004,NEIGHBORHOOD,Bağiçi
7064700,TR.06.012.0005,NEIGHBORHOOD,Bahçelievler Mahallesi
2523560537,TR.06.012.0006,NEIGHBORHOOD,Ballıkpınar
5460169,TR.06.012.0007,NEIGHBORHOOD,Bezirhane Mahallesi
3644122,TR.06.012.0008,NEIGHBORHOOD,Boyalık Mahallesi
1479965903,TR.06.012.0009,NEIGHBORHOOD,Çayırlı
2358512906,TR.06.012.0010,NEIGHBORHOOD,Çeltek
2396150235,TR.06.012.0011,NEIGHBORHOOD,Çimşit
3644123,TR.06.012.0012,NEIGHBORHOOD,Dikilitaş Mahallesi
2395849780,TR.06.012.0013,NEIGHBORHOOD,Emirler
19550219,TR.06.012.0014,NEIGHBORHOOD,Eymir Mahallesi
6794464,TR.06.012.0015,NEIGHBORHOOD,Gaziosmanpaşa Mahallesi
2523560550,TR.06.012.0016,NEIGHBORHOOD,Gökçehüyük
2358511410,TR.06.012.0017,NEIGHBORHOOD,Gölbek
2523560551,TR.06.012.0018,NEIGHBORHOOD,Günalan
15062321,TR.06.012.0019,NEIGHBORHOOD,Hacıhasan Mahallesi
15062320,TR.06.012.0020,NEIGHBORHOOD,Hacılar Mahallesi
2523560554,TR.06.012.0021,NEIGHBORHOOD,Hacımuratlı
2523560555,TR.06.012.0022,NEIGHBORHOOD,Halaçlı
3644125,TR.06.012.0023,NEIGHBORHOOD,İkizce Mahallesi
6792323,TR.06.012.0024,NEIGHBORHOOD,İncek Mahallesi
1044661416,TR.06.012.0025,NEIGHBORHOOD,Karaali
2358511422,TR.06.012.0026,NEIGHBORHOOD,Karacaören
2523560556,TR.06.012.0027,NEIGHBORHOOD,Karagedik
270061116,TR.06.012.0028,NEIGHBORHOOD,Karaoğlan
6794450,TR.06.012.0029,NEIGHBORHOOD,Karşıyaka Mahallesi
2523560558,TR.06.012.0030,NEIGHBORHOOD,Kırıklı
6792446,TR.06.012.0031,NEIGHBORHOOD,Kızılcaşar Mahallesi
1479965889,TR.06.012.0032,NEIGHBORHOOD,Koparan
2523560559,TR.06.012.0033,NEIGHBORHOOD,Mahmatlı
2523560560,TR.06.012.0034,NEIGHBORHOOD,Mahmatlıbahçe
2523560562,TR.06.012.0035,NEIGHBORHOOD,Oğulbey
19550238,TR.06.012.0036,NEIGHBORHOOD,Örencik Mahallesi
15608911,TR.06.012.0037,NEIGHBORHOOD,Oyaca Akarsu Mahallesi
15608912,TR.06.012.0038,NEIGHBORHOOD,Oyaca Yeşilçam Mahallesi
7064697,TR.06.012.0039,NEIGHBORHOOD,Şafak Mahallesi
19566255,TR.06.012.0040,NEIGHBORHOOD,Seğmenler Mahallesi
5460045,TR.06.012.0041,NEIGHBORHOOD,Selametli Şehit Emrah Mahallesi
2523560563,TR.06.012.0042,NEIGHBORHOOD,Soğulcak
1809463,TR.06.012.0043,NEIGHBORHOOD,Subaşı Mahallesi
6792597,TR.06.012.0044,NEIGHBORHOOD,Taşpınar Mahallesi
2523560565,TR.06.012.0045,NEIGHBORHOOD,Tepeyurt
2523560566,TR.06.012.0046,NEIGHBORHOOD,Topaklı
15062414,TR.06.012.0047,NEIGHBORHOOD,Tulumtaş Mahallesi
2523560568,TR.06.012.0048,NEIGHBORHOOD,Velihimmetli
2523560570,TR.06.012.0049,NEIGHBORHOOD,Yağlıpınar
2523560569,TR.06.012.0050,NEIGHBORHOOD,Yavrucuk
19538553,TR.06.012.0051,NEIGHBORHOOD,Yaylabağ Mahallesi
19550294,TR.06.012.0052,NEIGHBORHOOD,Yurtbeyi Mahallesi
1423127725,TR.06.013.0001,NEIGHBORHOOD,Adalıkuzu
1480988899,TR.06.013.0002,NEIGHBORHOOD,Afşar
1423127726,TR.06.013.0003,NEIGHBORHOOD,Akbaş
1423127728,TR.06.013.0004,NEIGHBORHOOD,Akçakese
9468729928,TR.06.013.0005,NEIGHBORHOOD,Aşağı
2316051108,TR.06.013.0006,NEIGHBORHOOD,Boyalı
2316053340,TR.06.013.0007,NEIGHBORHOOD,Çağa
2316053343,TR.06.013.0008,NEIGHBORHOOD,Çukurören
9469266684,TR.06.013.0009,NEIGHBORHOOD,Emirler
2316051110,TR.06.013.0010,NEIGHBORHOOD,Garipçe
14876323,TR.06.013.0011,NEIGHBORHOOD,Güneyce Mahallesi
1423127729,TR.06.013.0012,NEIGHBORHOOD,Güzel
1480988912,TR.06.013.0013,NEIGHBORHOOD,Hacılar
2316051111,TR.06.013.0014,NEIGHBORHOOD,Kadıobası
1480988918,TR.06.013.0015,NEIGHBORHOOD,Kamanlar
1423127730,TR.06.013.0016,NEIGHBORHOOD,Karacaören
1423127731,TR.06.013.0017,NEIGHBORHOOD,Kavaközü
1423127733,TR.06.013.0018,NEIGHBORHOOD,Kayı
1423127734,TR.06.013.0019,NEIGHBORHOOD,Kırkkavak
1423127735,TR.06.013.0020,NEIGHBORHOOD,Meyvabükü
1423132598,TR.06.013.0021,NEIGHBORHOOD,Özçaltı
1422796262,TR.06.013.0022,NEIGHBORHOOD,Özköy
1423127736,TR.06.013.0023,NEIGHBORHOOD,Salihler
2316051113,TR.06.013.0024,NEIGHBORHOOD,Sapanlı
1423127738,TR.06.013.0025,NEIGHBORHOOD,Sorgun
1422789997,TR.06.013.0026,NEIGHBORHOOD,Tahtacıörencik
1422789999,TR.06.013.0027,NEIGHBORHOOD,Taşören
1423127739,TR.06.013.0028,NEIGHBORHOOD,Yelli
9468729930,TR.06.013.0029,NEIGHBORHOOD,Yeni
1423127740,TR.06.013.0030,NEIGHBORHOOD,Yeşilöz
9468729929,TR.06.013.0031,NEIGHBORHOOD,Yukarı
2311601699,TR.06.014.0001,NEIGHBORHOOD,Ahırlıkuyu
2311601701,TR.06.014.0002,NEIGHBORHOOD,Alaçık
1480395051,TR.06.014.0003,NEIGHBORHOOD,Alahacılı
2358511382,TR.06.014.0004,NEIGHBORHOOD,Altıpınar
2311601702,TR.06.014.0005,NEIGHBORHOOD,Ataköy
2311601707,TR.06.014.0006,NEIGHBORHOOD,Bahçecik
2358511389,TR.06.014.0007,NEIGHBORHOOD,Balçıkhisar
2358511435,TR.06.014.0008,NEIGHBORHOOD,Baltalin
2318028108,TR.06.014.0009,NEIGHBORHOOD,Boğazkaya
2358511391,TR.06.014.0010,NEIGHBORHOOD,Bostanhüyük
410245461,TR.06.014.0011,NEIGHBORHOOD,Bumsuz
2395849777,TR.06.014.0012,NEIGHBORHOOD,Büyük Yağcı
2318028109,TR.06.014.0013,NEIGHBORHOOD,Büyükkonak
18232478,TR.06.014.0014,NEIGHBORHOOD,Çaldağ Mahallesi
2311603511,TR.06.014.0015,NEIGHBORHOOD,Çalış
2358851752,TR.06.014.0016,NEIGHBORHOOD,Çatak
2311603517,TR.06.014.0017,NEIGHBORHOOD,Çayraz
2358512907,TR.06.014.0018,NEIGHBORHOOD,Çeltikli
2395849778,TR.06.014.0019,NEIGHBORHOOD,Cihanşah
2311601718,TR.06.014.0020,NEIGHBORHOOD,Cingirli
2311601719,TR.06.014.0021,NEIGHBORHOOD,Culuk
2311601720,TR.06.014.0022,NEIGHBORHOOD,Demirözü
1326594550,TR.06.014.0023,NEIGHBORHOOD,Dereköy
2782974397,TR.06.014.0024,NEIGHBORHOOD,Deveci
2318028111,TR.06.014.0025,NEIGHBORHOOD,Devecipınarı
2358511405,TR.06.014.0026,NEIGHBORHOOD,Durupınar
2782974398,TR.06.014.0027,NEIGHBORHOOD,Durutlar
2311601728,TR.06.014.0028,NEIGHBORHOOD,Emirler
2311601735,TR.06.014.0029,NEIGHBORHOOD,Esen
2311601731,TR.06.014.0030,NEIGHBORHOOD,Eskikışla
2311601732,TR.06.014.0031,NEIGHBORHOOD,Evci
2311601734,TR.06.014.0032,NEIGHBORHOOD,Evliyafakı
2311601738,TR.06.014.0033,NEIGHBORHOOD,Gedik
2311601739,TR.06.014.0034,NEIGHBORHOOD,Gültepe
2311601749,TR.06.014.0035,NEIGHBORHOOD,Güzelcekale
2311603526,TR.06.014.0036,NEIGHBORHOOD,İncirli
2311601931,TR.06.014.0037,NEIGHBORHOOD,Kadıköy
-1743510,TR.06.014.0038,NEIGHBORHOOD,Kanlıgöl
2311601806,TR.06.014.0039,NEIGHBORHOOD,Karahoca
2311601812,TR.06.014.0040,NEIGHBORHOOD,Karapınar
2311601814,TR.06.014.0041,NEIGHBORHOOD,Karasüleymanlı
2311601833,TR.06.014.0042,NEIGHBORHOOD,Katrancı
2311601841,TR.06.014.0043,NEIGHBORHOOD,Kavak
18231783,TR.06.014.0044,NEIGHBORHOOD,Kayabaşı Mahallesi
410245516,TR.06.014.0045,NEIGHBORHOOD,Kerpiç
2311601855,TR.06.014.0046,NEIGHBORHOOD,Kesikkavak
2311601861,TR.06.014.0047,NEIGHBORHOOD,Kirazoğlu
2311601882,TR.06.014.0048,NEIGHBORHOOD,Kızılkoyunlu
2395849782,TR.06.014.0049,NEIGHBORHOOD,Küçük Yağcı
2311601876,TR.06.014.0050,NEIGHBORHOOD,Küçükkonak
2358511426,TR.06.014.0051,NEIGHBORHOOD,Kutluhan
2782974401,TR.06.014.0052,NEIGHBORHOOD,Mandıra
18232399,TR.06.014.0053,NEIGHBORHOOD,Medrese Mahallesi
2396148666,TR.06.014.0054,NEIGHBORHOOD,Saatli
2782974403,TR.06.014.0055,NEIGHBORHOOD,Sarıdeğirmen
2782974404,TR.06.014.0056,NEIGHBORHOOD,Sarıgöl
2358511439,TR.06.014.0057,NEIGHBORHOOD,Sazağası
2311603533,TR.06.014.0058,NEIGHBORHOOD,Şerefli Gökgöz
2395849783,TR.06.014.0059,NEIGHBORHOOD,Serinyayla
18231721,TR.06.014.0060,NEIGHBORHOOD,Seyran Mahallesi
410245469,TR.06.014.0061,NEIGHBORHOOD,Sinanlı
2318028120,TR.06.014.0062,NEIGHBORHOOD,Sırçasaray
2311601907,TR.06.014.0063,NEIGHBORHOOD,Soğulca
2311601908,TR.06.014.0064,NEIGHBORHOOD,Söğüttepe
2311601910,TR.06.014.0065,NEIGHBORHOOD,Tabaklı
1480395187,TR.06.014.0066,NEIGHBORHOOD,Tepeköy
2318028121,TR.06.014.0067,NEIGHBORHOOD,Toyçayırı
2782974407,TR.06.014.0068,NEIGHBORHOOD,Türkhüyük
2782974408,TR.06.014.0069,NEIGHBORHOOD,Türkşerefli
2311601922,TR.06.014.0070,NEIGHBORHOOD,Yamak
2311601923,TR.06.014.0071,NEIGHBORHOOD,Yaprakbayırı
2782974409,TR.06.014.0072,NEIGHBORHOOD,Yaylabeyi
18231685,TR.06.014.0073,NEIGHBORHOOD,Yeni Mahallesi
-1455282,TR.06.014.0074,NEIGHBORHOOD,Yenice
2311601928,TR.06.014.0075,NEIGHBORHOOD,Yeniköy
2358511453,TR.06.014.0076,NEIGHBORHOOD,Yergömü
2358511455,TR.06.014.0077,NEIGHBORHOOD,Yeşilköy
2358511460,TR.06.014.0078,NEIGHBORHOOD,Yukarı Sebil
2358511462,TR.06.014.0079,NEIGHBORHOOD,Yurtbeyli
6707047,TR.06.015.0001,NEIGHBORHOOD,Ahi Mahallesi
6704073,TR.06.015.0002,NEIGHBORHOOD,Akçaören Mahallesi
6696868,TR.06.015.0003,NEIGHBORHOOD,Alpagut Mahallesi
6704074,TR.06.015.0004,NEIGHBORHOOD,Aşağıkaraören Mahallesi
6693073,TR.06.015.0005,NEIGHBORHOOD,Atatürk Mahallesi
1481439201,TR.06.015.0006,NEIGHBORHOOD,Aydın
1481439205,TR.06.015.0007,NEIGHBORHOOD,Bitik
2678640168,TR.06.015.0008,NEIGHBORHOOD,Çalta
6693103,TR.06.015.0009,NEIGHBORHOOD,Ciğir Mahallesi
1481439578,TR.06.015.0010,NEIGHBORHOOD,Çimşit
1481439212,TR.06.015.0011,NEIGHBORHOOD,Dağyaka
6699088,TR.06.015.0012,NEIGHBORHOOD,Dutözü Mahallesi
1481439219,TR.06.015.0013,NEIGHBORHOOD,Emirgazi
6693072,TR.06.015.0014,NEIGHBORHOOD,Fatih Mahallesi
1481439222,TR.06.015.0015,NEIGHBORHOOD,Fethiye
6693262,TR.06.015.0016,NEIGHBORHOOD,Günbaşı Mahallesi
6696882,TR.06.015.0017,NEIGHBORHOOD,Güvenç Mahallesi
6702049,TR.06.015.0018,NEIGHBORHOOD,İçören Mahallesi
1481439586,TR.06.015.0019,NEIGHBORHOOD,İmrendi
6705406,TR.06.015.0020,NEIGHBORHOOD,İnceğiz Mahallesi
1481439589,TR.06.015.0021,NEIGHBORHOOD,İne
1481439596,TR.06.015.0022,NEIGHBORHOOD,İymir
6693080,TR.06.015.0023,NEIGHBORHOOD,Kanuni Sultan Süleyman Mahallesi
1481439230,TR.06.015.0024,NEIGHBORHOOD,Karalar
6695623,TR.06.015.0025,NEIGHBORHOOD,Kayı Mahallesi
6707388,TR.06.015.0026,NEIGHBORHOOD,Kılıçlar Mahallesi
4623715105,TR.06.015.0027,NEIGHBORHOOD,Kınık
1481439239,TR.06.015.0028,NEIGHBORHOOD,Kışla
6698581,TR.06.015.0029,NEIGHBORHOOD,Kumpınar Mahallesi
6693102,TR.06.015.0030,NEIGHBORHOOD,Örencik Mahallesi
1481439240,TR.06.015.0031,NEIGHBORHOOD,Orhaniye
6707199,TR.06.015.0032,NEIGHBORHOOD,Peçenek Mahallesi
6707071,TR.06.015.0033,NEIGHBORHOOD,Sancar Mahallesi
6706705,TR.06.015.0034,NEIGHBORHOOD,Saraç Mahallesi
1481439249,TR.06.015.0035,NEIGHBORHOOD,Saray
6698656,TR.06.015.0036,NEIGHBORHOOD,Sarıayak Mahallesi
2316095620,TR.06.015.0037,NEIGHBORHOOD,Sarılar
6693076,TR.06.015.0038,NEIGHBORHOOD,Satıkadın Mahallesi
6698737,TR.06.015.0039,NEIGHBORHOOD,Soğucak Mahallesi
6699085,TR.06.015.0040,NEIGHBORHOOD,Tekke Mahallesi
6705395,TR.06.015.0041,NEIGHBORHOOD,Uçarı Mahallesi
6706799,TR.06.015.0042,NEIGHBORHOOD,Yakupderviş Maallesi
6698636,TR.06.015.0043,NEIGHBORHOOD,Yassıören Mahallesi
6698617,TR.06.015.0044,NEIGHBORHOOD,Yavuz Sultan Selim Mahallesi
6706751,TR.06.015.0045,NEIGHBORHOOD,Yayalar Mahallesi
15011179,TR.06.015.0046,NEIGHBORHOOD,Yazıbeyli Mahallesi
6696883,TR.06.015.0047,NEIGHBORHOOD,Yıldırımbeyazıt Mahallesi
17522560,TR.06.016.0001,NEIGHBORHOOD,Afşar Mahallesi
17538114,TR.06.016.0002,NEIGHBORHOOD,Ahikemal Şenyurt Mahallesi
17542638,TR.06.016.0003,NEIGHBORHOOD,Ahiler Yenice Mahallesi
17546366,TR.06.016.0004,NEIGHBORHOOD,Akçataş Mahallesi
17544929,TR.06.016.0005,NEIGHBORHOOD,Akkaynak Mahallesi
17528389,TR.06.016.0006,NEIGHBORHOOD,Akkuzulu Mahallesi
17542946,TR.06.016.0007,NEIGHBORHOOD,Aktepe Mahallesi
17528810,TR.06.016.0008,NEIGHBORHOOD,Alibeyli Mahallesi
17549329,TR.06.016.0009,NEIGHBORHOOD,Altıntaş Mahallesi
17543125,TR.06.016.0010,NEIGHBORHOOD,Arkbürk Mahallesi
17550486,TR.06.016.0011,NEIGHBORHOOD,Beykavağı Mahallesi
17528765,TR.06.016.0012,NEIGHBORHOOD,Buğra Mahallesi
17549268,TR.06.016.0013,NEIGHBORHOOD,Çandır Mahallesi
17542499,TR.06.016.0014,NEIGHBORHOOD,Çanşa Kale Mahallesi
17549286,TR.06.016.0015,NEIGHBORHOOD,Çaykaya Mahallesi
17543195,TR.06.016.0016,NEIGHBORHOOD,Çiftlikköy Mahallesi
17542658,TR.06.016.0017,NEIGHBORHOOD,Cumasaray Mahallesi
17549080,TR.06.016.0018,NEIGHBORHOOD,Dağdemir Mahallesi
17546315,TR.06.016.0019,NEIGHBORHOOD,Değirmenkaya Mahallesi
17518409,TR.06.016.0020,NEIGHBORHOOD,Demirtaş Mahallesi
17522493,TR.06.016.0021,NEIGHBORHOOD,Elmapınar Mahallesi
17543155,TR.06.016.0022,NEIGHBORHOOD,Eskiköy Mahallesi
17550674,TR.06.016.0023,NEIGHBORHOOD,Eşmedere Mahallesi
17528794,TR.06.016.0024,NEIGHBORHOOD,Gökçeören Mahallesi
17531576,TR.06.016.0025,NEIGHBORHOOD,Gökdere Mahallesi
17533510,TR.06.016.0026,NEIGHBORHOOD,Gölköy Mahallesi
17542915,TR.06.016.0027,NEIGHBORHOOD,Gümüşpınar Mahallesi
17545003,TR.06.016.0028,NEIGHBORHOOD,Hacıköy Mahallesi
17542447,TR.06.016.0029,NEIGHBORHOOD,Halilağa Tabakhane Mahallesi
17542790,TR.06.016.0030,NEIGHBORHOOD,Halitcevriaslangil Mahallesi
17518362,TR.06.016.0031,NEIGHBORHOOD,Hançılı Mahallesi
17546705,TR.06.016.0032,NEIGHBORHOOD,Hasayaz Mahallesi
17544930,TR.06.016.0033,NEIGHBORHOOD,Karahüyük Mahallesi
17530499,TR.06.016.0034,NEIGHBORHOOD,Karalar Mahallesi
17518377,TR.06.016.0035,NEIGHBORHOOD,Karatepe Mahallesi
17528295,TR.06.016.0036,NEIGHBORHOOD,Kargın Mahallesi
17544932,TR.06.016.0037,NEIGHBORHOOD,Keklicek Mahallesi
17544931,TR.06.016.0038,NEIGHBORHOOD,Kılçak Mahallesi
17518670,TR.06.016.0039,NEIGHBORHOOD,Kınık Mahallesi
17544835,TR.06.016.0040,NEIGHBORHOOD,Kızılkaya Mahallesi
17550633,TR.06.016.0041,NEIGHBORHOOD,Koyunbaba Mahallesi
17550634,TR.06.016.0042,NEIGHBORHOOD,Kuyucak Mahallesi
17522033,TR.06.016.0043,NEIGHBORHOOD,Mahmutlar Mahallesi
17531733,TR.06.016.0044,NEIGHBORHOOD,Samanlık Mahallesi
17520876,TR.06.016.0045,NEIGHBORHOOD,Satılar Mahallesi
17550568,TR.06.016.0046,NEIGHBORHOOD,Şemsettin Mahallesi
17533622,TR.06.016.0047,NEIGHBORHOOD,Şeyhmahmut Mahallesi
17547309,TR.06.016.0048,NEIGHBORHOOD,Tavşancık Mahallesi
17542971,TR.06.016.0049,NEIGHBORHOOD,Tilkiköy Mahallesi
17528294,TR.06.016.0050,NEIGHBORHOOD,Uyarca Mahallesi
17533265,TR.06.016.0051,NEIGHBORHOOD,Yalım Mahallesi
17546753,TR.06.016.0052,NEIGHBORHOOD,Yeniçöte Mahallesi
17542867,TR.06.016.0053,NEIGHBORHOOD,Yenidoğan Yeşilyurt Mahallesi
17547029,TR.06.016.0054,NEIGHBORHOOD,Yeşilöz Mahallesi
17546509,TR.06.016.0055,NEIGHBORHOOD,Yılanlı Mahallesi
17522603,TR.06.016.0056,NEIGHBORHOOD,Yurtyenice Mahallesi
17549287,TR.06.016.0057,NEIGHBORHOOD,Yüzbey Mahallesi
5526161,TR.06.017.0001,NEIGHBORHOOD,19 Mayıs Mahallesi
5536530,TR.06.017.0002,NEIGHBORHOOD,23 Nisan Mahallesi
5536418,TR.06.017.0003,NEIGHBORHOOD,Adnan Menderes Mahallesi
5527921,TR.06.017.0004,NEIGHBORHOOD,Aktepe Mahallesi
5526123,TR.06.017.0005,NEIGHBORHOOD,Aşağı Eğlence Mahallesi
5527457,TR.06.017.0006,NEIGHBORHOOD,Atapark Mahallesi
5537040,TR.06.017.0007,NEIGHBORHOOD,Ayvalı Mahallesi
5536650,TR.06.017.0008,NEIGHBORHOOD,Bademlik Mahallesi
5525820,TR.06.017.0009,NEIGHBORHOOD,Bağlarbaşı Mahallesi
5537405,TR.06.017.0010,NEIGHBORHOOD,Bağlum Güzelyurt Mahallesi
5525940,TR.06.017.0011,NEIGHBORHOOD,Basınevleri Mahallesi
5527798,TR.06.017.0012,NEIGHBORHOOD,Çaldıran Mahallesi
5537367,TR.06.017.0013,NEIGHBORHOOD,Çalseki Mahallesi
5525888,TR.06.017.0014,NEIGHBORHOOD,Çiçekli Mahallesi
5525974,TR.06.017.0015,NEIGHBORHOOD,Emrah Mahallesi
5536970,TR.06.017.0016,NEIGHBORHOOD,Esertepe Mahallesi
5537036,TR.06.017.0017,NEIGHBORHOOD,Etlik Mahallesi
5525799,TR.06.017.0018,NEIGHBORHOOD,Güçlükaya Mahallesi
5525500,TR.06.017.0019,NEIGHBORHOOD,Gümüşdere Mahallesi
5536424,TR.06.017.0020,NEIGHBORHOOD,Güzelyurt Mahallesi
5525677,TR.06.017.0021,NEIGHBORHOOD,Hasköy Mahallesi
5536841,TR.06.017.0022,NEIGHBORHOOD,Hisar Mahallesi
5526130,TR.06.017.0023,NEIGHBORHOOD,İncirli Mahallesi
5536830,TR.06.017.0024,NEIGHBORHOOD,Kafkas Mahallesi
5525754,TR.06.017.0025,NEIGHBORHOOD,Kalaba Mahallesi
5527733,TR.06.017.0026,NEIGHBORHOOD,Kamil Ocak Mahallesi
5536676,TR.06.017.0027,NEIGHBORHOOD,Kanuni Mahallesi
5536815,TR.06.017.0028,NEIGHBORHOOD,Karakaya Mahallesi
5525921,TR.06.017.0029,NEIGHBORHOOD,Karargahtepe Mahallesi
5536806,TR.06.017.0030,NEIGHBORHOOD,Karşıyaka Mahallesi
5525645,TR.06.017.0031,NEIGHBORHOOD,Kavacık Subayevleri Mahallesi
5536545,TR.06.017.0032,NEIGHBORHOOD,Köşk Mahallesi
5537300,TR.06.017.0033,NEIGHBORHOOD,Kösrelik Mahallesi
5526587,TR.06.017.0034,NEIGHBORHOOD,Kuşcağız Mahallesi
5527723,TR.06.017.0035,NEIGHBORHOOD,Osmangazi Mahallesi
5536912,TR.06.017.0036,NEIGHBORHOOD,Ovacık Mahallesi
5526951,TR.06.017.0037,NEIGHBORHOOD,Pınarbaşı Mahallesi
5537167,TR.06.017.0038,NEIGHBORHOOD,Sancaktepe Mahallesi
5537364,TR.06.017.0039,NEIGHBORHOOD,Sarıbeyler Mahallesi
5525679,TR.06.017.0040,NEIGHBORHOOD,Şefkat Mahallesi
5537178,TR.06.017.0041,NEIGHBORHOOD,Şehit Kubilay Mahallesi
5527199,TR.06.017.0042,NEIGHBORHOOD,Şenlik Mahallesi
5536438,TR.06.017.0043,NEIGHBORHOOD,Şenyuva Mahallesi
5525831,TR.06.017.0044,NEIGHBORHOOD,Tepebaşı Mahallesi
5527717,TR.06.017.0045,NEIGHBORHOOD,Ufuktepe Mahallesi
5536616,TR.06.017.0046,NEIGHBORHOOD,Uyanış Mahallesi
5525821,TR.06.017.0047,NEIGHBORHOOD,Yakacık Mahallesi
5537126,TR.06.017.0048,NEIGHBORHOOD,Yayla Mahallesi
5527904,TR.06.017.0049,NEIGHBORHOOD,Yeşilöz Mahallesi
5527866,TR.06.017.0050,NEIGHBORHOOD,Yeşiltepe Mahallesi
5536946,TR.06.017.0051,NEIGHBORHOOD,Yükseltepe Mahallesi
2678635188,TR.06.018.0001,NEIGHBORHOOD,Abacı
1481321690,TR.06.018.0002,NEIGHBORHOOD,Adaköy
2316157012,TR.06.018.0003,NEIGHBORHOOD,Akçakese
2678635189,TR.06.018.0004,NEIGHBORHOOD,Akçaören
17641681,TR.06.018.0005,NEIGHBORHOOD,Akçay Mahallesi
1481321691,TR.06.018.0006,NEIGHBORHOOD,Akdoğan
17564776,TR.06.018.0007,NEIGHBORHOOD,Aksak Mahallesi
2678635190,TR.06.018.0008,NEIGHBORHOOD,Alibey
2678635191,TR.06.018.0009,NEIGHBORHOOD,Alpagut
2316157013,TR.06.018.0010,NEIGHBORHOOD,Aşağı Çanlı
1481321699,TR.06.018.0011,NEIGHBORHOOD,Aşağı Hüyük
17631050,TR.06.018.0012,NEIGHBORHOOD,Ayvacık Mahallesi
2678635193,TR.06.018.0013,NEIGHBORHOOD,Bademli
2678635194,TR.06.018.0014,NEIGHBORHOOD,Bağlıca
2678635195,TR.06.018.0015,NEIGHBORHOOD,Bağören
17563284,TR.06.018.0016,NEIGHBORHOOD,Balcılar Mahallesi
2678635196,TR.06.018.0017,NEIGHBORHOOD,Başağaç
2678635197,TR.06.018.0018,NEIGHBORHOOD,Başören
17564400,TR.06.018.0019,NEIGHBORHOOD,Bayır Mahallesi
17566630,TR.06.018.0020,NEIGHBORHOOD,Belpınar Mahallesi
17582427,TR.06.018.0021,NEIGHBORHOOD,Berçinçatak Mahallesi
17583711,TR.06.018.0022,NEIGHBORHOOD,Berçinyayalar Mahallesi
17566816,TR.06.018.0023,NEIGHBORHOOD,Beşkonak Mahallesi
2678635198,TR.06.018.0024,NEIGHBORHOOD,Bezci Kuzören
2678635199,TR.06.018.0025,NEIGHBORHOOD,Binkoz
17631020,TR.06.018.0026,NEIGHBORHOOD,Bulak Mahallesi
2678640169,TR.06.018.0027,NEIGHBORHOOD,Çavuşlar
2678640170,TR.06.018.0028,NEIGHBORHOOD,Çeltikçi
2303581471,TR.06.018.0029,NEIGHBORHOOD,Çeştepe
17633494,TR.06.018.0030,NEIGHBORHOOD,Ciğirler Mahallesi
2678640171,TR.06.018.0031,NEIGHBORHOOD,Çırpan
17564543,TR.06.018.0032,NEIGHBORHOOD,Çukurca Mahallesi
17632000,TR.06.018.0033,NEIGHBORHOOD,Çukurören Mahallesi
2678635201,TR.06.018.0034,NEIGHBORHOOD,Değirmenönü
1481321741,TR.06.018.0035,NEIGHBORHOOD,Demirciören
17618322,TR.06.018.0036,NEIGHBORHOOD,Dereneci Mahallesi
1481321749,TR.06.018.0037,NEIGHBORHOOD,Doğanözü
2678635204,TR.06.018.0038,NEIGHBORHOOD,Doymuşören
17568415,TR.06.018.0039,NEIGHBORHOOD,Eğerlialören Mahallesi
17564699,TR.06.018.0040,NEIGHBORHOOD,Eğerlibaşköy Mahallesi
17564886,TR.06.018.0041,NEIGHBORHOOD,Eğerlidereköy Mahallesi
17568392,TR.06.018.0042,NEIGHBORHOOD,Eğerlikozören Mahallesi
2303581380,TR.06.018.0043,NEIGHBORHOOD,Esenler
17641584,TR.06.018.0044,NEIGHBORHOOD,Gazi Mustafa Kemalpaşa Mahallesi
17582440,TR.06.018.0045,NEIGHBORHOOD,Gebeler Mahallesi
17618165,TR.06.018.0046,NEIGHBORHOOD,Gökbel Mahallesi
2678635210,TR.06.018.0047,NEIGHBORHOOD,Gölköy
2678635214,TR.06.018.0048,NEIGHBORHOOD,Gümele
2678635217,TR.06.018.0049,NEIGHBORHOOD,Güneysaray
17631876,TR.06.018.0050,NEIGHBORHOOD,Güvem Mahallesi
17571596,TR.06.018.0051,NEIGHBORHOOD,Hıdırlar Mahallesi
17571604,TR.06.018.0052,NEIGHBORHOOD,İğceler Mahallesi
2303581475,TR.06.018.0053,NEIGHBORHOOD,İğdir
9463349638,TR.06.018.0054,NEIGHBORHOOD,İğmir
11531803831,TR.06.018.0055,NEIGHBORHOOD,İncecik Yaylası
1481322417,TR.06.018.0056,NEIGHBORHOOD,İnceğiz
9463349636,TR.06.018.0057,NEIGHBORHOOD,İsmetpaşa
1481321785,TR.06.018.0058,NEIGHBORHOOD,Kalemler
17627515,TR.06.018.0059,NEIGHBORHOOD,Karaağaç Mahallesi
17663609,TR.06.018.0060,NEIGHBORHOOD,Karacaören Mahallesi
17641682,TR.06.018.0061,NEIGHBORHOOD,Karşıyaka Mahallesi
17571427,TR.06.018.0062,NEIGHBORHOOD,Kasımlar Mahallesi
3092835984,TR.06.018.0063,NEIGHBORHOOD,Kasımler Yaylası
17627282,TR.06.018.0064,NEIGHBORHOOD,Kavaközü Mahallesi
2678635224,TR.06.018.0065,NEIGHBORHOOD,Kırkırca
2316157017,TR.06.018.0066,NEIGHBORHOOD,Kırköy
2678635227,TR.06.018.0067,NEIGHBORHOOD,Kışlak
2039760001,TR.06.018.0068,NEIGHBORHOOD,Kızık
1481321804,TR.06.018.0069,NEIGHBORHOOD,Kızılca
17633493,TR.06.018.0070,NEIGHBORHOOD,Kızılcaören Mahallesi
2678635220,TR.06.018.0071,NEIGHBORHOOD,Kocalar
1481321798,TR.06.018.0072,NEIGHBORHOOD,Kurumcu
1481321799,TR.06.018.0073,NEIGHBORHOOD,Kuşcuören
2678635232,TR.06.018.0074,NEIGHBORHOOD,Mahkemeağcin
17632167,TR.06.018.0075,NEIGHBORHOOD,Oğlakçı Mahallesi
16802383,TR.06.018.0076,NEIGHBORHOOD,Olucak Mahallesi
2678640172,TR.06.018.0077,NEIGHBORHOOD,Örencik
16714171,TR.06.018.0078,NEIGHBORHOOD,Ortaköy Mahallesi
17078014,TR.06.018.0079,NEIGHBORHOOD,Otacı Mahallesi
2303581386,TR.06.018.0080,NEIGHBORHOOD,Pazar
17563326,TR.06.018.0081,NEIGHBORHOOD,Pazar Başören Mahallesi
17583712,TR.06.018.0082,NEIGHBORHOOD,Şahinler
17566809,TR.06.018.0083,NEIGHBORHOOD,Salın Mahallesi
17631999,TR.06.018.0084,NEIGHBORHOOD,Saray Mahallesi
1481321830,TR.06.018.0085,NEIGHBORHOOD,Saraycık
17669753,TR.06.018.0086,NEIGHBORHOOD,Sazak Mahallesi
17631883,TR.06.018.0087,NEIGHBORHOOD,Semeler Mahallesi
2463238727,TR.06.018.0088,NEIGHBORHOOD,Semer
17582326,TR.06.018.0089,NEIGHBORHOOD,Süleler Mahallesi
1481321847,TR.06.018.0090,NEIGHBORHOOD,Tahtalar
1481321851,TR.06.018.0091,NEIGHBORHOOD,Taşlıca
2678635239,TR.06.018.0092,NEIGHBORHOOD,Turnalı
1481322413,TR.06.018.0093,NEIGHBORHOOD,Üçbaş
2206973671,TR.06.018.0094,NEIGHBORHOOD,Uğurlu
17582428,TR.06.018.0095,NEIGHBORHOOD,Üyücek Mahallesi
17566629,TR.06.018.0096,NEIGHBORHOOD,Yağcıhüseyin Mahallesi
1481321854,TR.06.018.0097,NEIGHBORHOOD,Yakakaya
17632252,TR.06.018.0098,NEIGHBORHOOD,Yanık Özbekler Mahallesi
17641680,TR.06.018.0099,NEIGHBORHOOD,Yenice Mahallesi
1481321864,TR.06.018.0100,NEIGHBORHOOD,Yeşilköy
16802487,TR.06.018.0101,NEIGHBORHOOD,Yıldırım Hacılar Mahallesi
16801280,TR.06.018.0102,NEIGHBORHOOD,Yıldırımçatak Mahallesi
17564284,TR.06.018.0103,NEIGHBORHOOD,Yıldırımdemirciler Mahallesi
16802389,TR.06.018.0104,NEIGHBORHOOD,Yıldırımören Mahallesi
17564253,TR.06.018.0105,NEIGHBORHOOD,Yıldırımyağlıca Mahallesi
1481321866,TR.06.018.0106,NEIGHBORHOOD,Yukarı Hüyük
1481321867,TR.06.018.0107,NEIGHBORHOOD,Yukarı Karaören
17568586,TR.06.018.0108,NEIGHBORHOOD,Yukarıçanlı Mahallesi
17568655,TR.06.018.0109,NEIGHBORHOOD,Yukarıkese Mahallesi
6753495,TR.06.019.0001,NEIGHBORHOOD,Abidinpaşa Mahallesi
6759086,TR.06.019.0002,NEIGHBORHOOD,Akdere Mahallesi
6767686,TR.06.019.0003,NEIGHBORHOOD,Akşemsettin Mahallesi
6752846,TR.06.019.0004,NEIGHBORHOOD,Altıağaç Mahallesi
6753088,TR.06.019.0005,NEIGHBORHOOD,Altınevler Mahallesi
6767764,TR.06.019.0006,NEIGHBORHOOD,Araplar Mahallesi
6755884,TR.06.019.0007,NEIGHBORHOOD,Aşık Veysel Mahallesi
6752847,TR.06.019.0008,NEIGHBORHOOD,Bahçeleriçi Mahallesi
6753148,TR.06.019.0009,NEIGHBORHOOD,Bahçelerüstü Mahallesi
6753496,TR.06.019.0010,NEIGHBORHOOD,Balkiraz Mahallesi
6752808,TR.06.019.0011,NEIGHBORHOOD,Başak Mahallesi
13513085,TR.06.019.0012,NEIGHBORHOOD,Bayındır Mahallesi
6767590,TR.06.019.0013,NEIGHBORHOOD,Boğaziçi Mahallesi
6752749,TR.06.019.0014,NEIGHBORHOOD,Bostancık Mahallesi
6755828,TR.06.019.0015,NEIGHBORHOOD,Çağlayan Mahallesi
6767687,TR.06.019.0016,NEIGHBORHOOD,Cengizhan Mahallesi
6753085,TR.06.019.0017,NEIGHBORHOOD,Çiğiltepe Mahallesi
6753541,TR.06.019.0018,NEIGHBORHOOD,Demirlibahçe Mahallesi
6767753,TR.06.019.0019,NEIGHBORHOOD,Derbent Mahallesi
13513210,TR.06.019.0020,NEIGHBORHOOD,Diriliş Mahallesi
6767825,TR.06.019.0021,NEIGHBORHOOD,Dostlar Mahallesi
6767589,TR.06.019.0022,NEIGHBORHOOD,Durali Alıç Mahallesi
6767752,TR.06.019.0023,NEIGHBORHOOD,Dutluk Mahallesi
6792771,TR.06.019.0024,NEIGHBORHOOD,Ege Mahallesi
6752807,TR.06.019.0025,NEIGHBORHOOD,Ekin Mahallesi
6767480,TR.06.019.0026,NEIGHBORHOOD,Fahri Korutürk Mahallesi
6755930,TR.06.019.0027,NEIGHBORHOOD,General Zeki Doğan Mahallesi
13513089,TR.06.019.0028,NEIGHBORHOOD,Gökçeyurt Mahallesi
6753147,TR.06.019.0029,NEIGHBORHOOD,Gülveren Mahallesi
6753032,TR.06.019.0030,NEIGHBORHOOD,Harman Mahallesi
6753530,TR.06.019.0031,NEIGHBORHOOD,Hürel Mahallesi
6753031,TR.06.019.0032,NEIGHBORHOOD,Hüseyingazi Mahallesi
6752845,TR.06.019.0033,NEIGHBORHOOD,Karaağaç Mahallesi
13513090,TR.06.019.0034,NEIGHBORHOOD,Karşıyaka Mahallesi
6753706,TR.06.019.0035,NEIGHBORHOOD,Kartaltepe Mahallesi
6767866,TR.06.019.0036,NEIGHBORHOOD,Kayaş Mahallesi
6755988,TR.06.019.0037,NEIGHBORHOOD,Kazım Orbay Mahallesi
13438735,TR.06.019.0038,NEIGHBORHOOD,Kıbrısköy Mahallesi
6792836,TR.06.019.0039,NEIGHBORHOOD,Kızılca Mahallesi
6767826,TR.06.019.0040,NEIGHBORHOOD,Köstence Mahallesi
6768248,TR.06.019.0041,NEIGHBORHOOD,Küçük Kayaş Mahallesi
13436475,TR.06.019.0042,NEIGHBORHOOD,Kusunlar Mahallesi
6755987,TR.06.019.0043,NEIGHBORHOOD,Kutlu Mahallesi
13513087,TR.06.019.0044,NEIGHBORHOOD,Kutludüğün Mahallesi
13441406,TR.06.019.0045,NEIGHBORHOOD,Lalahan Mahallesi
6753704,TR.06.019.0046,NEIGHBORHOOD,Mehtap Mahallesi
6521760,TR.06.019.0047,NEIGHBORHOOD,Misket Mahallesi
6755950,TR.06.019.0048,NEIGHBORHOOD,Mutlu Mahallesi
13513086,TR.06.019.0049,NEIGHBORHOOD,Ortaköy Mahallesi
6755902,TR.06.019.0050,NEIGHBORHOOD,Peyami Safa Mahallesi
6753531,TR.06.019.0051,NEIGHBORHOOD,Şafaktepe Mahallesi
6768082,TR.06.019.0052,NEIGHBORHOOD,Şahap Gürler Mahallesi
6755935,TR.06.019.0053,NEIGHBORHOOD,Şahintepe Mahallesi
6753705,TR.06.019.0054,NEIGHBORHOOD,Saimekadın Mahallesi
6767479,TR.06.019.0055,NEIGHBORHOOD,Şehit Cengiz Topel Mahallesi
6521565,TR.06.019.0056,NEIGHBORHOOD,Şirintepe Mahallesi
6767865,TR.06.019.0057,NEIGHBORHOOD,Tepecik Mahallesi
6756066,TR.06.019.0058,NEIGHBORHOOD,Türközü Mahallesi
6755862,TR.06.019.0059,NEIGHBORHOOD,Tuzluçayır Mahallesi
6767836,TR.06.019.0060,NEIGHBORHOOD,Üreğil Mahallesi
13513088,TR.06.019.0061,NEIGHBORHOOD,Yeni Bayındır Mahallesi
6768083,TR.06.019.0062,NEIGHBORHOOD,Yeşilbayır Mahallesi
13513162,TR.06.019.0063,NEIGHBORHOOD,Yukarı İmrohor Mahallesi
13436476,TR.06.019.0064,NEIGHBORHOOD,Zirvekent Mahallesi
12562287,TR.06.020.0001,NEIGHBORHOOD,100. Yıl Mahallesi
12562285,TR.06.020.0002,NEIGHBORHOOD,Akdere Mahallesi
20070306,TR.06.020.0003,NEIGHBORHOOD,Aksu Mahallesi
1121318598,TR.06.020.0004,NEIGHBORHOOD,Alan
11158285,TR.06.020.0005,NEIGHBORHOOD,Aliağa Mahallesi
2442867317,TR.06.020.0006,NEIGHBORHOOD,Aliefe
2442867318,TR.06.020.0007,NEIGHBORHOOD,Alpagut
2396016498,TR.06.020.0008,NEIGHBORHOOD,Arkutça
1480796786,TR.06.020.0009,NEIGHBORHOOD,Aşağı Bağdere
2396016499,TR.06.020.0010,NEIGHBORHOOD,Aşağı Bağlıca
20070304,TR.06.020.0011,NEIGHBORHOOD,Aşağıkavacık Mahallesi
12172830,TR.06.020.0012,NEIGHBORHOOD,Atatürk Mahallesi
1480796782,TR.06.020.0013,NEIGHBORHOOD,Atça
2442718530,TR.06.020.0014,NEIGHBORHOOD,Aydoğmuş
2395957752,TR.06.020.0015,NEIGHBORHOOD,Belenalan
2441764573,TR.06.020.0016,NEIGHBORHOOD,Belenören
2441764578,TR.06.020.0017,NEIGHBORHOOD,Beyalan
2442718535,TR.06.020.0018,NEIGHBORHOOD,Beycik
2395957754,TR.06.020.0019,NEIGHBORHOOD,Beydili
1120273731,TR.06.020.0020,NEIGHBORHOOD,Bozyaka
2442727429,TR.06.020.0021,NEIGHBORHOOD,Çalıcaalan
2395957753,TR.06.020.0022,NEIGHBORHOOD,Çamalan
247822258,TR.06.020.0023,NEIGHBORHOOD,Çayırhan
2442867319,TR.06.020.0024,NEIGHBORHOOD,Cendere
1120272663,TR.06.020.0025,NEIGHBORHOOD,Çiller
2442867445,TR.06.020.0026,NEIGHBORHOOD,Çive
2442727433,TR.06.020.0027,NEIGHBORHOOD,Çulhalar
17564249,TR.06.020.0028,NEIGHBORHOOD,Danişment Mahallesi
613546322,TR.06.020.0029,NEIGHBORHOOD,Davutoğlan
1480796818,TR.06.020.0030,NEIGHBORHOOD,Demirköy
2396016503,TR.06.020.0031,NEIGHBORHOOD,Doğandere
2442718539,TR.06.020.0032,NEIGHBORHOOD,Döğmeci
2395938458,TR.06.020.0033,NEIGHBORHOOD,Eğri
9409683349,TR.06.020.0034,NEIGHBORHOOD,Elvan
2304569217,TR.06.020.0035,NEIGHBORHOOD,Emremsultan
2442867321,TR.06.020.0036,NEIGHBORHOOD,Epçeler
2395957760,TR.06.020.0037,NEIGHBORHOOD,Ericek
2442718542,TR.06.020.0038,NEIGHBORHOOD,Eymir
13459553,TR.06.020.0039,NEIGHBORHOOD,Fatih Mahallesi
2441764613,TR.06.020.0040,NEIGHBORHOOD,Gökçeöz
2396016504,TR.06.020.0041,NEIGHBORHOOD,Güzelöz
12562286,TR.06.020.0042,NEIGHBORHOOD,Hacıbey Mahallesi
2442867322,TR.06.020.0043,NEIGHBORHOOD,Hacıhasanlar
2304569225,TR.06.020.0044,NEIGHBORHOOD,Hıdırlar
2442867446,TR.06.020.0045,NEIGHBORHOOD,İslamalan
2396016505,TR.06.020.0046,NEIGHBORHOOD,Kabaca
2442718551,TR.06.020.0047,NEIGHBORHOOD,Kadıköy
2442718555,TR.06.020.0048,NEIGHBORHOOD,Karacasu
2442867323,TR.06.020.0049,NEIGHBORHOOD,Karahisar
1480796854,TR.06.020.0050,NEIGHBORHOOD,Karahisar Gölcük
2304569232,TR.06.020.0051,NEIGHBORHOOD,Karahisar Kozlu
1480796865,TR.06.020.0052,NEIGHBORHOOD,Karaköy
2395938461,TR.06.020.0053,NEIGHBORHOOD,Kavak
2442867324,TR.06.020.0054,NEIGHBORHOOD,Kulu
2395938462,TR.06.020.0055,NEIGHBORHOOD,Kuruca
2395957766,TR.06.020.0056,NEIGHBORHOOD,Kuzucular
2442867325,TR.06.020.0057,NEIGHBORHOOD,Meyildere
2442867326,TR.06.020.0058,NEIGHBORHOOD,Meyilhacılar
2442718562,TR.06.020.0059,NEIGHBORHOOD,Nallıdere
2441764654,TR.06.020.0060,NEIGHBORHOOD,Nallıgölcük
1121402902,TR.06.020.0061,NEIGHBORHOOD,Nallıkozlu
13459552,TR.06.020.0062,NEIGHBORHOOD,Nasuhpaşa Mahallesi
17557058,TR.06.020.0063,NEIGHBORHOOD,Nebioğlu Mahallesi
2442727437,TR.06.020.0064,NEIGHBORHOOD,Ömerşeyhler
2395938463,TR.06.020.0065,NEIGHBORHOOD,Osmanköy
2395958107,TR.06.020.0066,NEIGHBORHOOD,Öşürler
2395957769,TR.06.020.0067,NEIGHBORHOOD,Ozan
2396016507,TR.06.020.0068,NEIGHBORHOOD,Sarıkaya
2304569260,TR.06.020.0069,NEIGHBORHOOD,Sarıyar
2442718566,TR.06.020.0070,NEIGHBORHOOD,Sobran
2395938465,TR.06.020.0071,NEIGHBORHOOD,Soğukkuyu
2442867327,TR.06.020.0072,NEIGHBORHOOD,Subaşı
17557057,TR.06.020.0073,NEIGHBORHOOD,Tekirler Mahallesi
1121317245,TR.06.020.0074,NEIGHBORHOOD,Tekkeköy
2442867329,TR.06.020.0075,NEIGHBORHOOD,Tepe
2773625442,TR.06.020.0076,NEIGHBORHOOD,Uluhan
2303928028,TR.06.020.0077,NEIGHBORHOOD,Uluköy
17564251,TR.06.020.0078,NEIGHBORHOOD,Uzunöz Mahallesi
1120268753,TR.06.020.0079,NEIGHBORHOOD,Yakapınar
11485201,TR.06.020.0080,NEIGHBORHOOD,Yazı Mahallesi
17564250,TR.06.020.0081,NEIGHBORHOOD,Yenice Mahallesi
1480796922,TR.06.020.0082,NEIGHBORHOOD,Yeşilyurt
1480796924,TR.06.020.0083,NEIGHBORHOOD,Yukarı Bağdere
9409683359,TR.06.020.0084,NEIGHBORHOOD,Yukarı Bağlıca
20070305,TR.06.020.0085,NEIGHBORHOOD,Yukarıkavacık Mahallesi
2311601697,TR.06.021.0001,NEIGHBORHOOD,Adatoprakpınar
11897370880,TR.06.021.0002,NEIGHBORHOOD,Alagöz Karşıyaka
11897370881,TR.06.021.0003,NEIGHBORHOOD,Alagöz Yaylası
2311601704,TR.06.021.0004,NEIGHBORHOOD,Avdanlı
1473911427,TR.06.021.0005,NEIGHBORHOOD,Avşar
1473953784,TR.06.021.0006,NEIGHBORHOOD,Babayakup
29474769,TR.06.021.0007,NEIGHBORHOOD,Basrı
2311601713,TR.06.021.0008,NEIGHBORHOOD,Beşköprü
1473911430,TR.06.021.0009,NEIGHBORHOOD,Beyceğiz
1421881819,TR.06.021.0010,NEIGHBORHOOD,Beylikköprü
2971211230,TR.06.021.0011,NEIGHBORHOOD,Çalayık Çiftliği
16005643,TR.06.021.0012,NEIGHBORHOOD,Çamlıca Mahallesi
2311603512,TR.06.021.0013,NEIGHBORHOOD,Çanakçı
1473912751,TR.06.021.0014,NEIGHBORHOOD,Çekirdeksiz
1473912753,TR.06.021.0015,NEIGHBORHOOD,Çimenceğiz
16005651,TR.06.021.0016,NEIGHBORHOOD,Cumhuriyet Mahallesi
16005646,TR.06.021.0017,NEIGHBORHOOD,Esentepe Mahallesi
2311601729,TR.06.021.0018,NEIGHBORHOOD,Eski Karsak
1473953793,TR.06.021.0019,NEIGHBORHOOD,Eski Köseler
18486125,TR.06.021.0020,NEIGHBORHOOD,Eski Polatlı Mahallesi
16005648,TR.06.021.0021,NEIGHBORHOOD,Fatih Mahallesi
16005652,TR.06.021.0022,NEIGHBORHOOD,Gazi Mahallesi
1473911443,TR.06.021.0023,NEIGHBORHOOD,Gedikli
1473953795,TR.06.021.0024,NEIGHBORHOOD,Gençali
2311601742,TR.06.021.0025,NEIGHBORHOOD,Gülpınar
16005647,TR.06.021.0026,NEIGHBORHOOD,Gülveren Mahallesi
951562832,TR.06.021.0027,NEIGHBORHOOD,Gümüşyaka
18486126,TR.06.021.0028,NEIGHBORHOOD,Gündoğan Mahallesi
1473911449,TR.06.021.0029,NEIGHBORHOOD,Güreş
2311601757,TR.06.021.0030,NEIGHBORHOOD,Hacımusa
2311601760,TR.06.021.0031,NEIGHBORHOOD,Hacımuslu
2311601763,TR.06.021.0032,NEIGHBORHOOD,Hacıosmanoğlu
1473911458,TR.06.021.0033,NEIGHBORHOOD,Hacıtuğrul
11568884040,TR.06.021.0034,NEIGHBORHOOD,Hıdırlar Yaylası
1473911460,TR.06.021.0035,NEIGHBORHOOD,Hıdırşeyh
2311603531,TR.06.021.0036,NEIGHBORHOOD,İğciler
2311601783,TR.06.021.0037,NEIGHBORHOOD,Ilıca
2311603527,TR.06.021.0038,NEIGHBORHOOD,İnler
16005642,TR.06.021.0039,NEIGHBORHOOD,İstiklal Mahallesi
2311601786,TR.06.021.0040,NEIGHBORHOOD,Kabak
1473911463,TR.06.021.0041,NEIGHBORHOOD,Karaahmet
2311601795,TR.06.021.0042,NEIGHBORHOOD,Karabenli
1473953826,TR.06.021.0043,NEIGHBORHOOD,Karacaahmet
2311601802,TR.06.021.0044,NEIGHBORHOOD,Karahamzalı
2311601809,TR.06.021.0045,NEIGHBORHOOD,Karailyas
2782974399,TR.06.021.0046,NEIGHBORHOOD,Karakaya
2311601810,TR.06.021.0047,NEIGHBORHOOD,Karakuyu
1473911474,TR.06.021.0048,NEIGHBORHOOD,Karapınar
2311601817,TR.06.021.0049,NEIGHBORHOOD,Karayavşan
18485843,TR.06.021.0050,NEIGHBORHOOD,Kargalı Mahallesi
2782974402,TR.06.021.0051,NEIGHBORHOOD,Kayabaşı
1992137108,TR.06.021.0052,NEIGHBORHOOD,Kıranharmanı
1473953857,TR.06.021.0053,NEIGHBORHOOD,Kızılcakışla
951564274,TR.06.021.0054,NEIGHBORHOOD,Kocahacılı
16005650,TR.06.021.0055,NEIGHBORHOOD,Kurtuluş Mahallesi
2970268572,TR.06.021.0056,NEIGHBORHOOD,Kuşcu
1473953859,TR.06.021.0057,NEIGHBORHOOD,Macun
16005653,TR.06.021.0058,NEIGHBORHOOD,Mehmetakif Mahallesi
2781249016,TR.06.021.0059,NEIGHBORHOOD,Mıcıkoğlu
1473911479,TR.06.021.0060,NEIGHBORHOOD,Müslüm
1473911481,TR.06.021.0061,NEIGHBORHOOD,Oğuzlar
2970268574,TR.06.021.0062,NEIGHBORHOOD,Olukpınar
1473954258,TR.06.021.0063,NEIGHBORHOOD,Ömerler
2311603520,TR.06.021.0064,NEIGHBORHOOD,Ördekgölü
2311603521,TR.06.021.0065,NEIGHBORHOOD,Özyurt
1473911482,TR.06.021.0066,NEIGHBORHOOD,Poyraz
2311601891,TR.06.021.0067,NEIGHBORHOOD,Sabanca
1473912764,TR.06.021.0068,NEIGHBORHOOD,Şabanözü
2311601893,TR.06.021.0069,NEIGHBORHOOD,Sakarya
2311601897,TR.06.021.0070,NEIGHBORHOOD,Sarıhalil
1473911487,TR.06.021.0071,NEIGHBORHOOD,Sarıoba
283016901,TR.06.021.0072,NEIGHBORHOOD,Sazılar
16005649,TR.06.021.0073,NEIGHBORHOOD,Şehitlik Mahallesi
16005641,TR.06.021.0074,NEIGHBORHOOD,Şentepe Mahallesi
2311603534,TR.06.021.0075,NEIGHBORHOOD,Şeyhahmetli
1473954290,TR.06.021.0076,NEIGHBORHOOD,Şeyhali
2311601903,TR.06.021.0077,NEIGHBORHOOD,Sinanlı
2311601904,TR.06.021.0078,NEIGHBORHOOD,Sincik
2311601905,TR.06.021.0079,NEIGHBORHOOD,Sivri
1473953885,TR.06.021.0080,NEIGHBORHOOD,Taşpınar
2311601911,TR.06.021.0081,NEIGHBORHOOD,Tatlıkuyu
2311601917,TR.06.021.0082,NEIGHBORHOOD,Toydemir
2311601918,TR.06.021.0083,NEIGHBORHOOD,Tüfekçioğlu
18486157,TR.06.021.0084,NEIGHBORHOOD,Türkkarsak Mahallesi
951605818,TR.06.021.0085,NEIGHBORHOOD,Türktaciri
2311603522,TR.06.021.0086,NEIGHBORHOOD,Üçpınar
1398169187,TR.06.021.0087,NEIGHBORHOOD,Uzunbey
2311601925,TR.06.021.0088,NEIGHBORHOOD,Yağcıoğlu
1473911494,TR.06.021.0089,NEIGHBORHOOD,Yağmurbaba
9465392835,TR.06.021.0090,NEIGHBORHOOD,Yaralı
9465339467,TR.06.021.0091,NEIGHBORHOOD,Yassıhüyük
16005644,TR.06.021.0092,NEIGHBORHOOD,Yeni Mahalle
951605572,TR.06.021.0093,NEIGHBORHOOD,Yenice
1473911496,TR.06.021.0094,NEIGHBORHOOD,Yenidoğan
1473953898,TR.06.021.0095,NEIGHBORHOOD,Yeniköseler
2311601929,TR.06.021.0096,NEIGHBORHOOD,Yenimehmetli
2311601932,TR.06.021.0097,NEIGHBORHOOD,Yeşilöz
2311601935,TR.06.021.0098,NEIGHBORHOOD,Yıldızlı
2318028122,TR.06.021.0099,NEIGHBORHOOD,Yukarı Mahalle
1398169199,TR.06.021.0100,NEIGHBORHOOD,Yüzükbaşı
16005645,TR.06.021.0101,NEIGHBORHOOD,Zafer Mahallesi
17555911,TR.06.022.0001,NEIGHBORHOOD,Abadan Mahallesi
17554116,TR.06.022.0002,NEIGHBORHOOD,Altınova Mahallesi
6748047,TR.06.022.0003,NEIGHBORHOOD,Ayyıldız Mahallesi
6770611,TR.06.022.0004,NEIGHBORHOOD,Fatih Mahallesi
11558788,TR.06.022.0005,NEIGHBORHOOD,Karaköy Mahallesi
17555932,TR.06.022.0006,NEIGHBORHOOD,Karşıyaka Mahallesi
17555010,TR.06.022.0007,NEIGHBORHOOD,Kösrelikkızığı Mahallesi
6770589,TR.06.022.0008,NEIGHBORHOOD,Merkez Mahallesi
6768370,TR.06.022.0009,NEIGHBORHOOD,Mimar Sinan Mahallesi
17554115,TR.06.022.0010,NEIGHBORHOOD,Peçenek Mahallesi
17554934,TR.06.022.0011,NEIGHBORHOOD,Saray Cumhuriyet Mahallesi
17554903,TR.06.022.0012,NEIGHBORHOOD,Saray Fatih Mahallesi
17554994,TR.06.022.0013,NEIGHBORHOOD,Saray Gümüşoluk Mahallesi
17554594,TR.06.022.0014,NEIGHBORHOOD,Saray Osmangazi Mahallesi
17556015,TR.06.022.0015,NEIGHBORHOOD,Sirkeli Yeşilova Mahallesi
17563180,TR.06.022.0016,NEIGHBORHOOD,Sirkeli Yeşilyurt Mahallesi
6770620,TR.06.022.0017,NEIGHBORHOOD,Tevfik İleri Mahallesi
17554578,TR.06.022.0018,NEIGHBORHOOD,Yeni Karaköy Mahallesi
17554219,TR.06.022.0019,NEIGHBORHOOD,Yıldırım Beyazıt Mahallesi
6770556,TR.06.022.0020,NEIGHBORHOOD,Yunus Emre Mahallesi
17559486,TR.06.022.0021,NEIGHBORHOOD,Yuva Mahallesi
2516139350,TR.06.023.0001,NEIGHBORHOOD,Acıkuyu
2516139351,TR.06.023.0002,NEIGHBORHOOD,Acıöz
1401082345,TR.06.023.0003,NEIGHBORHOOD,Akarca
1396674025,TR.06.023.0004,NEIGHBORHOOD,Akin
17204376,TR.06.023.0005,NEIGHBORHOOD,Akseki Mahallesi
16346154,TR.06.023.0006,NEIGHBORHOOD,Aktaş Mahallesi
1401082354,TR.06.023.0007,NEIGHBORHOOD,Aliuşağı
1480173152,TR.06.023.0008,NEIGHBORHOOD,Bağobası
1480173151,TR.06.023.0009,NEIGHBORHOOD,Baltalı
17193901,TR.06.023.0010,NEIGHBORHOOD,Boğaziçi Mahallesi
1401082367,TR.06.023.0011,NEIGHBORHOOD,Büyükdamlacık
1401082368,TR.06.023.0012,NEIGHBORHOOD,Büyükkışla
1480173196,TR.06.023.0013,NEIGHBORHOOD,Çalören
1480173197,TR.06.023.0014,NEIGHBORHOOD,Çatçat
1396675675,TR.06.023.0015,NEIGHBORHOOD,Çavuş
1480173198,TR.06.023.0016,NEIGHBORHOOD,Çayırönü
1480173200,TR.06.023.0017,NEIGHBORHOOD,Çıngıl
17204377,TR.06.023.0018,NEIGHBORHOOD,Cumhuriyet Mahallesi
1480173153,TR.06.023.0019,NEIGHBORHOOD,Deliller
1480173154,TR.06.023.0020,NEIGHBORHOOD,Devekovan
1401082377,TR.06.023.0021,NEIGHBORHOOD,Doğankaya
14440199,TR.06.023.0022,NEIGHBORHOOD,Ekici Mahallesi
1480173156,TR.06.023.0023,NEIGHBORHOOD,Eley
17193906,TR.06.023.0024,NEIGHBORHOOD,Emek Mahallesi
1480173157,TR.06.023.0025,NEIGHBORHOOD,Fadıllı
2516139362,TR.06.023.0026,NEIGHBORHOOD,Geçitli
1480173159,TR.06.023.0027,NEIGHBORHOOD,Gülhüyük
17204373,TR.06.023.0028,NEIGHBORHOOD,Hacıbektaşlı Mahallesi
14440198,TR.06.023.0029,NEIGHBORHOOD,Hacıenbiya Mahallesi
1480173161,TR.06.023.0030,NEIGHBORHOOD,Hamzalı
1480173162,TR.06.023.0031,NEIGHBORHOOD,Haydarlı
13393689,TR.06.023.0032,NEIGHBORHOOD,Hürriyet Mahallesi
14440197,TR.06.023.0033,NEIGHBORHOOD,İstiklal Mahallesi
1401082378,TR.06.023.0034,NEIGHBORHOOD,Kacarlı
1480173163,TR.06.023.0035,NEIGHBORHOOD,Kadıncık
1480173164,TR.06.023.0036,NEIGHBORHOOD,Kadıobası
17193902,TR.06.023.0037,NEIGHBORHOOD,Kale Mahallesi
1480173165,TR.06.023.0038,NEIGHBORHOOD,Karabük
9286498527,TR.06.023.0039,NEIGHBORHOOD,Karamollauşağı
1480173166,TR.06.023.0040,NEIGHBORHOOD,Karandere
1401082379,TR.06.023.0041,NEIGHBORHOOD,Küçükdamlacık
17204375,TR.06.023.0042,NEIGHBORHOOD,Mehmet Akif Ersoy Mahallesi
17193905,TR.06.023.0043,NEIGHBORHOOD,Mustafacık Mahallesi
1480173167,TR.06.023.0044,NEIGHBORHOOD,Musular
1401082385,TR.06.023.0045,NEIGHBORHOOD,Odunboğazı
1480173168,TR.06.023.0046,NEIGHBORHOOD,Palazobası
1480173155,TR.06.023.0047,NEIGHBORHOOD,Parlasan
1401082388,TR.06.023.0048,NEIGHBORHOOD,Sadıklı
17193904,TR.06.023.0049,NEIGHBORHOOD,Sanayi Mahallesi
2516140784,TR.06.023.0050,NEIGHBORHOOD,Şanlıkışla
17193903,TR.06.023.0051,NEIGHBORHOOD,Sarıkaya Mahallesi
1401082889,TR.06.023.0052,NEIGHBORHOOD,Şeker
1480173203,TR.06.023.0053,NEIGHBORHOOD,Şereflidavutlu
17204374,TR.06.023.0054,NEIGHBORHOOD,Şeyh Kuyusu Mahallesi
1480173204,TR.06.023.0055,NEIGHBORHOOD,Şeyhli
1480173169,TR.06.023.0056,NEIGHBORHOOD,Seymenli
14440196,TR.06.023.0057,NEIGHBORHOOD,Tuzla Mahallesi
1480173201,TR.06.023.0058,NEIGHBORHOOD,Üzengilik
1401082400,TR.06.023.0059,NEIGHBORHOOD,Yalnızpınar
1401082408,TR.06.023.0060,NEIGHBORHOOD,Yazısöğüt
13393692,TR.06.023.0061,NEIGHBORHOOD,Yeni Mahalle
13393687,TR.06.023.0062,NEIGHBORHOOD,Yeşilova Mahallesi
1480173172,TR.06.023.0063,NEIGHBORHOOD,Yeşilyurt
1401082412,TR.06.023.0064,NEIGHBORHOOD,Yusufkuyusu
6729026,TR.06.024.0001,NEIGHBORHOOD,29 Ekim Mahallesi
6793006,TR.06.024.0002,NEIGHBORHOOD,Adalet Mahallesi
6726365,TR.06.024.0003,NEIGHBORHOOD,Ahi Evran Mahallesi
19516175,TR.06.024.0004,NEIGHBORHOOD,Ahi Evran OSB Mahallesi
20058428,TR.06.024.0005,NEIGHBORHOOD,Akçaören Mahallesi
6726193,TR.06.024.0006,NEIGHBORHOOD,Akşemsettin Mahallesi
20058632,TR.06.024.0007,NEIGHBORHOOD,Alagöz Mahallesi
20058634,TR.06.024.0008,NEIGHBORHOOD,Alcı Mahallesi
20058633,TR.06.024.0009,NEIGHBORHOOD,Alcı OSB Mahallesi
20058636,TR.06.024.0010,NEIGHBORHOOD,Anayurt Mahallesi
6726011,TR.06.024.0011,NEIGHBORHOOD,Andiçen Mahallesi
6725996,TR.06.024.0012,NEIGHBORHOOD,Atatürk Mahallesi
20058937,TR.06.024.0013,NEIGHBORHOOD,Bacı Mahallesi
20058928,TR.06.024.0014,NEIGHBORHOOD,Beyobası Mahallesi
20058518,TR.06.024.0015,NEIGHBORHOOD,Çiçektepe Mahallesi
6729173,TR.06.024.0016,NEIGHBORHOOD,Çoğlu Mahallesi
20058927,TR.06.024.0017,NEIGHBORHOOD,Çokören Mahallesi
20058935,TR.06.024.0018,NEIGHBORHOOD,Cumhuriyet Mahallesi
20058473,TR.06.024.0019,NEIGHBORHOOD,Erkeksu Mahallesi
6726112,TR.06.024.0020,NEIGHBORHOOD,Ertuğrulgazi Mahallesi
20058637,TR.06.024.0021,NEIGHBORHOOD,Esenler Mahallesi
6726590,TR.06.024.0022,NEIGHBORHOOD,Fatih Mahallesi
6729027,TR.06.024.0023,NEIGHBORHOOD,Fevzi Çakmak Mahallesi
20058936,TR.06.024.0024,NEIGHBORHOOD,Gazi Mahallesi
6728446,TR.06.024.0025,NEIGHBORHOOD,Gazi Osmanpaşa Mahallesi
20058938,TR.06.024.0026,NEIGHBORHOOD,Girmeç Mahallesi
6728445,TR.06.024.0027,NEIGHBORHOOD,Gökçek Mahallesi
20058667,TR.06.024.0028,NEIGHBORHOOD,Hisarlıkaya Mahallesi
20058929,TR.06.024.0029,NEIGHBORHOOD,Hürriyet Mahallesi
20058429,TR.06.024.0030,NEIGHBORHOOD,İlyakut Mahallesi
20058430,TR.06.024.0031,NEIGHBORHOOD,İncirlik Mahallesi
6726260,TR.06.024.0032,NEIGHBORHOOD,İstasyon Mahallesi
20058934,TR.06.024.0033,NEIGHBORHOOD,İstiklal Mahallesi
20058520,TR.06.024.0034,NEIGHBORHOOD,Kesiktaş Mahallesi
6652689,TR.06.024.0035,NEIGHBORHOOD,Malazgirt Mahallesi
20058933,TR.06.024.0036,NEIGHBORHOOD,Malıköy Anadolu OSB Mahallesi
20058932,TR.06.024.0037,NEIGHBORHOOD,Malıköy Başkent OSB Mahallesi
20058931,TR.06.024.0038,NEIGHBORHOOD,Malıköy Dökümcüler OSB Mahallesi
20058930,TR.06.024.0039,NEIGHBORHOOD,Malıköy Mahallesi
6726010,TR.06.024.0040,NEIGHBORHOOD,Maraşal Çakmak Mahallesi
6728890,TR.06.024.0041,NEIGHBORHOOD,Menderes Mahallesi
6728461,TR.06.024.0042,NEIGHBORHOOD,Mevlana Mahallesi
20058431,TR.06.024.0043,NEIGHBORHOOD,Mülk Mahallesi
6728843,TR.06.024.0044,NEIGHBORHOOD,Mustafa Kemal Mahallesi
6792299,TR.06.024.0045,NEIGHBORHOOD,Osmaniye Mahallesi
6726055,TR.06.024.0046,NEIGHBORHOOD,Osmanlı Mahallesi
6726111,TR.06.024.0047,NEIGHBORHOOD,Pınarbaşı Mahallesi
6726164,TR.06.024.0048,NEIGHBORHOOD,Plevne Mahallesi
20058517,TR.06.024.0049,NEIGHBORHOOD,Polatlar Mahallesi
6792224,TR.06.024.0050,NEIGHBORHOOD,Saraycık Mahallesi
6726163,TR.06.024.0051,NEIGHBORHOOD,Selçuklu Mahallesi
6652734,TR.06.024.0052,NEIGHBORHOOD,Tandoğan Mahallesi
20058516,TR.06.024.0053,NEIGHBORHOOD,Tatlar Mahallesi
6728462,TR.06.024.0054,NEIGHBORHOOD,Törekent Mahallesi
20058635,TR.06.024.0055,NEIGHBORHOOD,Türkobası Mahallesi
20058926,TR.06.024.0056,NEIGHBORHOOD,Ücret Mahallesi
6726508,TR.06.024.0057,NEIGHBORHOOD,Ulubatlı Hasan Mahallesi
6792223,TR.06.024.0058,NEIGHBORHOOD,Yeniçimşit Mahallesi
20058925,TR.06.024.0059,NEIGHBORHOOD,Yenihisar Mahallesi
20058474,TR.06.024.0060,NEIGHBORHOOD,Yenikayı Mahallesi
20058519,TR.06.024.0061,NEIGHBORHOOD,Yenipeçenek Mahallesi
6726470,TR.06.024.0062,NEIGHBORHOOD,Yunus Emre Mahallesi
5546023,TR.06.025.0001,NEIGHBORHOOD,25 Mart Mahallesi
5608962,TR.06.025.0002,NEIGHBORHOOD,Anadolu Mahallesi
5623458,TR.06.025.0003,NEIGHBORHOOD,Aşağı Yahyalar Mahallesi
3680867,TR.06.025.0004,NEIGHBORHOOD,Ata Mahallesi
5623518,TR.06.025.0005,NEIGHBORHOOD,Avcılar Mahallesi
5554887,TR.06.025.0006,NEIGHBORHOOD,Barış Mahallesi
5609065,TR.06.025.0007,NEIGHBORHOOD,Barıştepe Mahallesi
6747494,TR.06.025.0008,NEIGHBORHOOD,Batı Sitesi Mahallesi
3680866,TR.06.025.0009,NEIGHBORHOOD,Beştepe Mahallesi
5609054,TR.06.025.0010,NEIGHBORHOOD,Burç Mahallesi
18698109,TR.06.025.0011,NEIGHBORHOOD,Çakırlar Mahallesi
5546025,TR.06.025.0012,NEIGHBORHOOD,Çamlıca Mahallesi
5596514,TR.06.025.0013,NEIGHBORHOOD,Çarşı Mahallesi
5611743,TR.06.025.0014,NEIGHBORHOOD,Çiğdemtepe Mahallesi
18698108,TR.06.025.0015,NEIGHBORHOOD,Cumhuriyet Mahallesi
5608995,TR.06.025.0016,NEIGHBORHOOD,Demetevler Mahallesi
5546301,TR.06.025.0017,NEIGHBORHOOD,Demetgül Mahallesi
5554884,TR.06.025.0018,NEIGHBORHOOD,Demetlale Mahallesi
5540962,TR.06.025.0019,NEIGHBORHOOD,Emniyet Mahallesi
6747493,TR.06.025.0020,NEIGHBORHOOD,Ergazi Mahallesi
5596689,TR.06.025.0021,NEIGHBORHOOD,Ergenekon Mahallesi
5596580,TR.06.025.0022,NEIGHBORHOOD,Esentepe Mahallesi
5546215,TR.06.025.0023,NEIGHBORHOOD,Gayret Mahallesi
5541250,TR.06.025.0024,NEIGHBORHOOD,Gazi Mahallesi
5609052,TR.06.025.0025,NEIGHBORHOOD,Güventepe Mahallesi
5609028,TR.06.025.0026,NEIGHBORHOOD,Güzelyaka Mahallesi
5623804,TR.06.025.0027,NEIGHBORHOOD,İlkyerleşim Mahallesi
5635841,TR.06.025.0028,NEIGHBORHOOD,İnönü Mahallesi
5554853,TR.06.025.0029,NEIGHBORHOOD,Işınlar Mahallesi
5623621,TR.06.025.0030,NEIGHBORHOOD,İvedikköy Mahallesi
5623513,TR.06.025.0031,NEIGHBORHOOD,Kaletepe Mahallesi
6789619,TR.06.025.0032,NEIGHBORHOOD,Karacakaya Mahallesi
5635799,TR.06.025.0033,NEIGHBORHOOD,Kardelen Mahallesi
5608971,TR.06.025.0034,NEIGHBORHOOD,Karşıyaka Mahallesi
5609083,TR.06.025.0035,NEIGHBORHOOD,Kayalar Mahallesi
5635858,TR.06.025.0036,NEIGHBORHOOD,Kentkoop Mahallesi
5623991,TR.06.025.0037,NEIGHBORHOOD,Kuzey Yıldızı Mahallesi
5541275,TR.06.025.0038,NEIGHBORHOOD,Macun Mahallesi
5609003,TR.06.025.0039,NEIGHBORHOOD,Mehmet Akif Ersoy Mahallesi
5624447,TR.06.025.0040,NEIGHBORHOOD,Memlik Mahallesi
13761238,TR.06.025.0041,NEIGHBORHOOD,Ostim Mahallesi
5623786,TR.06.025.0042,NEIGHBORHOOD,Ostim OSB Mahallesi
5609011,TR.06.025.0043,NEIGHBORHOOD,Özevler Mahallesi
5609034,TR.06.025.0044,NEIGHBORHOOD,Pamuklar Mahallesi
5596459,TR.06.025.0045,NEIGHBORHOOD,Ragıp Tüzün Mahallesi
5623684,TR.06.025.0046,NEIGHBORHOOD,Serhat Mahallesi
13761239,TR.06.025.0047,NEIGHBORHOOD,Susuz Mahallesi
5596556,TR.06.025.0048,NEIGHBORHOOD,Tepealtı Mahallesi
5635764,TR.06.025.0049,NEIGHBORHOOD,Turgut Özal Mahallesi
5623780,TR.06.025.0050,NEIGHBORHOOD,Uğur Mumcu Mahallesi
5554811,TR.06.025.0051,NEIGHBORHOOD,Varlık Mahallesi
5623969,TR.06.025.0052,NEIGHBORHOOD,Yakacık Mahallesi
6747495,TR.06.025.0053,NEIGHBORHOOD,Yeni Batı Mahallesi
5596477,TR.06.025.0054,NEIGHBORHOOD,Yeniçağ Mahallesi
5609015,TR.06.025.0055,NEIGHBORHOOD,Yeşilevler Mahallesi
5623480,TR.06.025.0056,NEIGHBORHOOD,Yukarı Yahyalar Mahallesi
5596484,TR.06.025.0057,NEIGHBORHOOD,Yunus Emre Mahallesi
5623959,TR.06.025.0058,NEIGHBORHOOD,Yuvaköy Mahallesi
